question_id,status,audio_path,question,duration_seconds,clipped_sample_count,leading_silence_seconds,trailing_silence_seconds,warning_reasons
tc_517,success,/workspace/triviaqa_tts/triviaqa-tts/audio/qwen3_aiden_seed42/pilot/tc_517_c7740d267020.wav,Who was the last inmate of Spandau jail in Berlin?,2.72,0,0.0815,0.08466666666666667,
tc_690,success,/workspace/triviaqa_tts/triviaqa-tts/audio/qwen3_aiden_seed42/pilot/tc_690_101a586c4c51.wav,"""According to Rudyard Kipling what were the """"two imposters"""" to meet and treat the same day?""",5.28,0,0.08458333333333333,0.043458333333333335,
tc_955,success,/workspace/triviaqa_tts/triviaqa-tts/audio/qwen3_aiden_seed42/pilot/tc_955_745ff35efd93.wav,Bandar Seri Begawan International airport is in which country?,4.08,0,0.10175,0.0695,
tc_1098,success,/workspace/triviaqa_tts/triviaqa-tts/audio/qwen3_aiden_seed42/pilot/tc_1098_f21d66803ac9.wav,Beloved in 1999 was whose first movie since The Color Purple in 1985?,5.52,0,0.093125,0.005791666666666666,
tc_1189,success,/workspace/triviaqa_tts/triviaqa-tts/audio/qwen3_aiden_seed42/pilot/tc_1189_2bacf6c0382c.wav,What was the name of the brothel in The Best Little Whorehouse in Texas?,3.92,0,0.092,0.0,
tc_1284,success,/workspace/triviaqa_tts/triviaqa-tts/audio/qwen3_aiden_seed42/pilot/tc_1284_70f689d6a7f8.wav,On which date in 1945 did Hitler take cyanide then shoot himself?,4.88,0,0.09066666666666667,0.055375,
tc_1348,success,/workspace/triviaqa_tts/triviaqa-tts/audio/qwen3_aiden_seed42/pilot/tc_1348_6ed5085c4ec3.wav,In the late 60s Owen Finlay MacLaren pioneered what useful item for parents of small chldren?,6.16,0,0.09345833333333334,0.04325,
tc_1421,success,/workspace/triviaqa_tts/triviaqa-tts/audio/qwen3_aiden_seed42/pilot/tc_1421_63456be39ac3.wav,What is Harrison Ford's real name?,2.0,0,0.092125,0.07266666666666667,
tc_1870,success,/workspace/triviaqa_tts/triviaqa-tts/audio/qwen3_aiden_seed42/pilot/tc_1870_010b59635b31.wav,Vehicles from which country use the international registration letter E?,4.4,0,0.08225,0.05329166666666667,
tc_1914,success,/workspace/triviaqa_tts/triviaqa-tts/audio/qwen3_aiden_seed42/pilot/tc_1914_f44b03dd7ef1.wav,Sun Yat Sen overthrew the emperor in which country establishing a republic after 2000 years of imperial rule?,8.48,0,0.081375,0.07291666666666667,
tc_1944,success,/workspace/triviaqa_tts/triviaqa-tts/audio/qwen3_aiden_seed42/pilot/tc_1944_628f9e437f24.wav,Aung San Suu Kyi is a controversial leader in which country?,3.52,0,0.090125,0.052333333333333336,
tc_2202,success,/workspace/triviaqa_tts/triviaqa-tts/audio/qwen3_aiden_seed42/pilot/tc_2202_f40e8a842f86.wav,What are the international registration letters of a vehicle from Iceland?,3.76,0,0.09070833333333334,0.067625,
tc_2861,success,/workspace/triviaqa_tts/triviaqa-tts/audio/qwen3_aiden_seed42/pilot/tc_2861_507aeeb90958.wav,What is the generic word for plants that grow in water or water-logged conditions?,4.96,0,0.08154166666666667,0.049541666666666664,
tc_2900,success,/workspace/triviaqa_tts/triviaqa-tts/audio/qwen3_aiden_seed42/pilot/tc_2900_569db2baf28b.wav,"Which teeth are the third molars, and are always the last to0 erupt?",4.64,0,0.097625,0.042,
tc_3070,success,/workspace/triviaqa_tts/triviaqa-tts/audio/qwen3_aiden_seed42/pilot/tc_3070_9107cfef36fd.wav,"Which common mineral is used to make casts, moulds, blackboard chalk and plaster of Paris?",5.76,0,0.09554166666666666,0.010958333333333334,
qz_20,success,/workspace/triviaqa_tts/triviaqa-tts/audio/qwen3_aiden_seed42/pilot/qz_20_81bce107894b.wav,Which three South American countries does the Equator cross?,3.76,0,0.097875,0.016041666666666666,
qz_256,success,/workspace/triviaqa_tts/triviaqa-tts/audio/qwen3_aiden_seed42/pilot/qz_256_c88f65c8fdfb.wav,In what year in the 20th century was the Miss World contest held for the first time?,4.8,0,0.09366666666666666,0.007333333333333333,
qz_737,success,/workspace/triviaqa_tts/triviaqa-tts/audio/qwen3_aiden_seed42/pilot/qz_737_2e9407d04128.wav,"Who directed the films Thelma and Louise, Hannibal and Black Hawk Down?",4.96,0,0.08154166666666667,0.043833333333333335,
qz_881,success,/workspace/triviaqa_tts/triviaqa-tts/audio/qwen3_aiden_seed42/pilot/qz_881_a3faa64777e2.wav,How many scottish football league teams names end in United?,3.84,0,0.08154166666666667,0.07079166666666667,
qz_1173,success,/workspace/triviaqa_tts/triviaqa-tts/audio/qwen3_aiden_seed42/pilot/qz_1173_52a388e29ffb.wav,In which film was the song White Christmas first sung?,3.04,0,0.0935,0.08608333333333333,
qz_1380,success,/workspace/triviaqa_tts/triviaqa-tts/audio/qwen3_aiden_seed42/pilot/qz_1380_67984d88d16c.wav,"In a standard deck of cards, how many Kings have a moustache?",3.92,0,0.08916666666666667,0.06391666666666666,
qz_1725,success,/workspace/triviaqa_tts/triviaqa-tts/audio/qwen3_aiden_seed42/pilot/qz_1725_0d56e69c55d7.wav,Who dated actress Elizabeth Hurley between 2000 and 2001 and denied he was the father of her son born in 2002 before a DNA test proved otherwise?,11.6,0,0.08245833333333333,0.052875,
qz_2111,success,/workspace/triviaqa_tts/triviaqa-tts/audio/qwen3_aiden_seed42/pilot/qz_2111_9206aa204725.wav,The Yalu river forms a sort of natural border between China and which of its neighbours?,6.16,0,0.088125,0.06104166666666667,
qz_2291,success,/workspace/triviaqa_tts/triviaqa-tts/audio/qwen3_aiden_seed42/pilot/qz_2291_f6f2d4f48212.wav,How meny times have Liverpool won the Europion Cup?,3.2,0,0.08158333333333333,0.07095833333333333,
qz_2391,success,/workspace/triviaqa_tts/triviaqa-tts/audio/qwen3_aiden_seed42/pilot/qz_2391_81d9c3074682.wav,Who was the first person to sell one million records?,2.8,0,0.08154166666666667,0.050875,
qz_2404,success,/workspace/triviaqa_tts/triviaqa-tts/audio/qwen3_aiden_seed42/pilot/qz_2404_5862c344aa26.wav,What is the scientific name given to tea?,2.48,0,0.084375,0.013375,
qz_2768,success,/workspace/triviaqa_tts/triviaqa-tts/audio/qwen3_aiden_seed42/pilot/qz_2768_257c8c7ebbcd.wav,Tony Hadley was the lead singer with which 1980s new romantic band?,4.4,0,0.08154166666666667,0.010625,
qz_2821,success,/workspace/triviaqa_tts/triviaqa-tts/audio/qwen3_aiden_seed42/pilot/qz_2821_a730a2292e90.wav,"In which country are the Angel Falls, the highest waterfall in the world?",4.64,0,0.089875,0.023083333333333334,
qz_2866,success,/workspace/triviaqa_tts/triviaqa-tts/audio/qwen3_aiden_seed42/pilot/qz_2866_bc4fac94484a.wav,"The left side of the heart pumps blood to all parts of the body, but the right side pumps blood to which organ in particular?",8.08,0,0.083375,0.026333333333333334,
qz_3878,success,/workspace/triviaqa_tts/triviaqa-tts/audio/qwen3_aiden_seed42/pilot/qz_3878_80ef2f400bea.wav,"If you heard the catchphrase ""They're great"" what would expect to be advertised?",4.8,0,0.09504166666666666,0.034958333333333334,
qz_4002,success,/workspace/triviaqa_tts/triviaqa-tts/audio/qwen3_aiden_seed42/pilot/qz_4002_e2bc06642987.wav,"How were Dr Stantz, Dr Spengler and Dr Venkman better known in the 1980's?",6.08,0,0.08241666666666667,0.012,
qz_4637,success,/workspace/triviaqa_tts/triviaqa-tts/audio/qwen3_aiden_seed42/pilot/qz_4637_d8ccd0bdfba4.wav,"How long does it take, approximately, for light to travel from the Sun to the Earth?",4.64,0,0.08154166666666667,0.065375,
qz_4787,success,/workspace/triviaqa_tts/triviaqa-tts/audio/qwen3_aiden_seed42/pilot/qz_4787_f6c9ce490e4f.wav,A cowboy came into town on friday stayed 3 days and left on friday. How is this possible?,5.68,0,0.08904166666666667,0.04883333333333333,
qz_5270,success,/workspace/triviaqa_tts/triviaqa-tts/audio/qwen3_aiden_seed42/pilot/qz_5270_248447657509.wav,What is the name of the helicopter used to transport the President of the United States,4.96,0,0.09345833333333334,0.045083333333333336,
qz_6127,success,/workspace/triviaqa_tts/triviaqa-tts/audio/qwen3_aiden_seed42/pilot/qz_6127_fbd8491e8812.wav,Who is credited with the discovery of the tomb of King Tutankhamen in 1922?,4.96,0,0.08154166666666667,0.010333333333333333,
qz_6713,success,/workspace/triviaqa_tts/triviaqa-tts/audio/qwen3_aiden_seed42/pilot/qz_6713_44f5cb025d89.wav,How many lines are there in a sonnet?,1.68,0,0.08158333333333333,0.03279166666666666,
qb_92,success,/workspace/triviaqa_tts/triviaqa-tts/audio/qwen3_aiden_seed42/pilot/qb_92_f0b6657e2be7.wav,What is the capital of Indonesia?,1.76,0,0.089625,0.033416666666666664,
qb_382,success,/workspace/triviaqa_tts/triviaqa-tts/audio/qwen3_aiden_seed42/pilot/qb_382_655911eac179.wav,Which British actress played Valerie in the 1997 film ‘Nil By Mouth’?,5.12,0,0.08883333333333333,0.06825,
qb_637,success,/workspace/triviaqa_tts/triviaqa-tts/audio/qwen3_aiden_seed42/pilot/qb_637_ca6786138e53.wav,Which famous jewellers makes the Super Bowl Trophy?,3.04,0,0.0965,0.07941666666666666,
qb_925,success,/workspace/triviaqa_tts/triviaqa-tts/audio/qwen3_aiden_seed42/pilot/qb_925_45a9618eafd9.wav,What is the name of Humphrey Bogart’s character in the film ‘Casablanca’?,4.56,0,0.084375,0.0155,
qb_1105,success,/workspace/triviaqa_tts/triviaqa-tts/audio/qwen3_aiden_seed42/pilot/qb_1105_7a70001b40f3.wav,Which part of the body are babies born without but develop from cartilaginous material that builds into bone in later life?,6.96,0,0.086625,0.052833333333333336,
qb_1147,success,/workspace/triviaqa_tts/triviaqa-tts/audio/qwen3_aiden_seed42/pilot/qb_1147_6343137d6020.wav,"In 1216, English monarch King John was said to have lost the crown jewels while crossing which body of water?",7.2,0,0.08916666666666667,0.036166666666666666,
qb_1522,success,/workspace/triviaqa_tts/triviaqa-tts/audio/qwen3_aiden_seed42/pilot/qb_1522_dcd8840a6af7.wav,How many stars are on the national flag of Liberia?,3.6,0,0.08154166666666667,0.052958333333333336,
qb_1557,success,/workspace/triviaqa_tts/triviaqa-tts/audio/qwen3_aiden_seed42/pilot/qb_1557_1b4900d0a0cc.wav,Nguyen Tan Dung became Prime Minister of which country in June 2006?,4.88,0,0.093875,0.028583333333333332,
qb_1752,success,/workspace/triviaqa_tts/triviaqa-tts/audio/qwen3_aiden_seed42/pilot/qb_1752_2fa6fbc6afdf.wav,‘Giovedi’ is the Italian word for which day of the week?,4.16,0,0.08791666666666667,0.034125,
qb_1945,success,/workspace/triviaqa_tts/triviaqa-tts/audio/qwen3_aiden_seed42/pilot/qb_1945_35d9064d94bc.wav,What is the basic monetary unit of Israel?,2.4,0,0.09116666666666666,0.050625,
qb_2456,success,/workspace/triviaqa_tts/triviaqa-tts/audio/qwen3_aiden_seed42/pilot/qb_2456_89d5b2405054.wav,"In our solar system, which is the sixth planet from the sun?",4.48,0,0.09020833333333333,0.07533333333333334,
qb_2546,success,/workspace/triviaqa_tts/triviaqa-tts/audio/qwen3_aiden_seed42/pilot/qb_2546_fa2c92cd17fa.wav,What do the interior angles of a hexagon add up to in degrees?,3.68,0,0.09129166666666666,0.03795833333333333,
qb_2712,success,/workspace/triviaqa_tts/triviaqa-tts/audio/qwen3_aiden_seed42/pilot/qb_2712_90b023321138.wav,"What is the name of the Japanese dish of bite-sized pieces of raw fish served with dipping sauces, vegetables and wasabi?",7.76,0,0.09125,0.03425,
qb_2805,success,/workspace/triviaqa_tts/triviaqa-tts/audio/qwen3_aiden_seed42/pilot/qb_2805_2ca3f9c9a059.wav,The Tumut Hydroelectric Power Station is in which Australian state?,4.16,0,0.08829166666666667,0.059833333333333336,
qb_3042,success,/workspace/triviaqa_tts/triviaqa-tts/audio/qwen3_aiden_seed42/pilot/qb_3042_dc952510d49b.wav,Which country will host the 2014 FIFA World Cup?,4.24,0,0.09791666666666667,0.016791666666666667,
qb_3092,success,/workspace/triviaqa_tts/triviaqa-tts/audio/qwen3_aiden_seed42/pilot/qb_3092_fcd0312b8b99.wav,How many months is the gestation period for an elephant?,3.04,0,0.08154166666666667,0.04325,
qb_3821,success,/workspace/triviaqa_tts/triviaqa-tts/audio/qwen3_aiden_seed42/pilot/qb_3821_ba7b3837bc93.wav,Which tennis player was dubbed ‘Superbrat’ by the British press?,3.52,0,0.09029166666666667,0.05670833333333333,
qb_4017,success,/workspace/triviaqa_tts/triviaqa-tts/audio/qwen3_aiden_seed42/pilot/qb_4017_667fe62c093c.wav,Ligustrum is the Latin name for which shrub?,2.8,0,0.09283333333333334,0.02575,
qb_4353,success,/workspace/triviaqa_tts/triviaqa-tts/audio/qwen3_aiden_seed42/pilot/qb_4353_1329f831d7d6.wav,What is the ‘lead’ in pencils made from?,2.4,0,0.08470833333333333,0.073625,
qb_4358,success,/workspace/triviaqa_tts/triviaqa-tts/audio/qwen3_aiden_seed42/pilot/qb_4358_9b015fa1914d.wav,What is the system of raised dots called which blind people use to read with their fingers?,4.8,0,0.09095833333333334,0.050833333333333335,
qb_4987,success,/workspace/triviaqa_tts/triviaqa-tts/audio/qwen3_aiden_seed42/pilot/qb_4987_a21a6ca235ee.wav,The holiday resort of Paphos is on which Mediterranean island?,3.36,0,0.08266666666666667,0.018,
qb_5408,success,/workspace/triviaqa_tts/triviaqa-tts/audio/qwen3_aiden_seed42/pilot/qb_5408_d848990ef456.wav,John Curtin became Prime Minister of which country in 1941?,4.08,0,0.091125,0.025291666666666667,
qb_5694,success,/workspace/triviaqa_tts/triviaqa-tts/audio/qwen3_aiden_seed42/pilot/qb_5694_f5f1f42e37b5.wav,Which is the most powerful chess piece?,2.16,0,0.09133333333333334,0.085875,
qb_5996,success,/workspace/triviaqa_tts/triviaqa-tts/audio/qwen3_aiden_seed42/pilot/qb_5996_b85579553817.wav,Plaka is the old quarter of which European city?,3.28,0,0.0915,0.07783333333333334,
qb_6233,success,/workspace/triviaqa_tts/triviaqa-tts/audio/qwen3_aiden_seed42/pilot/qb_6233_3f910df6f7c1.wav,What was the first name of the mother of US President Barack Obama?,3.6,0,0.08591666666666667,0.0545,
qb_6330,success,/workspace/triviaqa_tts/triviaqa-tts/audio/qwen3_aiden_seed42/pilot/qb_6330_0d91c184a761.wav,Which US singer/musician played Leather Tuscadero in the television show ‘Happy Days’?,5.52,0,0.08870833333333333,0.019416666666666665,
qb_6395,success,/workspace/triviaqa_tts/triviaqa-tts/audio/qwen3_aiden_seed42/pilot/qb_6395_fedfd7b957fd.wav,The heaviest swinging bell in England is in which cathedral?,4.0,0,0.08154166666666667,0.043541666666666666,
qb_6399,success,/workspace/triviaqa_tts/triviaqa-tts/audio/qwen3_aiden_seed42/pilot/qb_6399_2c49a830ff42.wav,"Which is the only sign of the Zodiac represented by an object, rather than a person or animal?",5.76,0,0.08970833333333333,0.05366666666666667,
qb_6647,success,/workspace/triviaqa_tts/triviaqa-tts/audio/qwen3_aiden_seed42/pilot/qb_6647_229f8a2f67e9.wav,‘Little Boy’ and ‘Fat Man’ were US codes for what during World War II?,4.72,0,0.093125,0.066125,
qb_7207,success,/workspace/triviaqa_tts/triviaqa-tts/audio/qwen3_aiden_seed42/pilot/qb_7207_02e08a115f48.wav,How many times did Actress Zsa Zsa Gabor marry?,3.92,0,0.08141666666666666,0.014208333333333333,
qb_7271,success,/workspace/triviaqa_tts/triviaqa-tts/audio/qwen3_aiden_seed42/pilot/qb_7271_681bfcbb1d9d.wav,Thomas the Tank Engine lives on which fictional island?,3.2,0,0.08158333333333333,0.005416666666666667,
qb_7331,success,/workspace/triviaqa_tts/triviaqa-tts/audio/qwen3_aiden_seed42/pilot/qb_7331_646068f1150f.wav,What colour is Lady Penelope’s car in the television puppet series ‘Thunderbirds’?,4.72,0,0.09358333333333334,0.0004166666666666667,
qb_8351,success,/workspace/triviaqa_tts/triviaqa-tts/audio/qwen3_aiden_seed42/pilot/qb_8351_4e103852f05b.wav,"In the UK television series ‘Absolutely Fabulous’, what is Edina’s surname?",5.6,0,0.09625,0.020541666666666666,
qb_8494,success,/workspace/triviaqa_tts/triviaqa-tts/audio/qwen3_aiden_seed42/pilot/qb_8494_5be56735cb2d.wav,Wrigley Field in Chicago USA is a venue for which sport?,3.6,0,0.08729166666666667,0.058416666666666665,
qb_9518,success,/workspace/triviaqa_tts/triviaqa-tts/audio/qwen3_aiden_seed42/pilot/qb_9518_e84ddc981dd1.wav,"In the children’s television series ‘Fireball XL5’, what is the name of the robot co-pilot of XL5?",6.56,0,0.08916666666666667,0.0012916666666666667,
qb_9571,success,/workspace/triviaqa_tts/triviaqa-tts/audio/qwen3_aiden_seed42/pilot/qb_9571_ab808456d209.wav,Which English city is known as ‘The Lace City’?,2.64,0,0.09533333333333334,0.022166666666666668,
qb_9584,success,/workspace/triviaqa_tts/triviaqa-tts/audio/qwen3_aiden_seed42/pilot/qb_9584_2211b5a123b6.wav,What is the name of the Lord played by Rik Mayall in the UK television series ‘Blackadder Goes Forth’?,5.92,0,0.09075,0.07595833333333334,
qb_9675,success,/workspace/triviaqa_tts/triviaqa-tts/audio/qwen3_aiden_seed42/pilot/qb_9675_10a94e87650e.wav,King Robert Baratheon and Queen Cersei Lannister are characters in which US television fantasy drama series?,6.72,0,0.097625,0.051958333333333336,
qb_10058,success,/workspace/triviaqa_tts/triviaqa-tts/audio/qwen3_aiden_seed42/pilot/qb_10058_6a85b52f28e9.wav,What type of creature is a cichlid?,1.76,0,0.084375,0.026791666666666665,
dpql_185,success,/workspace/triviaqa_tts/triviaqa-tts/audio/qwen3_aiden_seed42/pilot/dpql_185_31ae82dc728c.wav,Which medical condition is sometimes known as Daltonism?,4.24,0,0.08591666666666667,0.024791666666666667,
dpql_458,success,/workspace/triviaqa_tts/triviaqa-tts/audio/qwen3_aiden_seed42/pilot/dpql_458_629bd14984e9.wav,"Pr is the symbol for which chemical element, atomic number 59?",4.96,0,0.090875,0.09683333333333333,
dpql_1274,success,/workspace/triviaqa_tts/triviaqa-tts/audio/qwen3_aiden_seed42/pilot/dpql_1274_d9d9658fa6d9.wav,"One question, three answers. Which three cyclists have won this award? (In any order.)",4.24,0,0.084,0.044125,
dpql_1410,success,/workspace/triviaqa_tts/triviaqa-tts/audio/qwen3_aiden_seed42/pilot/dpql_1410_9b4eddd2810c.wav,Who painted Luncheon of the Boating Party?,2.56,0,0.08154166666666667,0.026875,
dpql_1651,success,/workspace/triviaqa_tts/triviaqa-tts/audio/qwen3_aiden_seed42/pilot/dpql_1651_6a1c62ed4015.wav,Which Italian city is known as the pizza capital of the world?,4.0,0,0.094625,0.040625,
dpql_1788,success,/workspace/triviaqa_tts/triviaqa-tts/audio/qwen3_aiden_seed42/pilot/dpql_1788_7dba83b6a4a6.wav,"Specifically, What is the only mammal that could be described as parasitic?",4.72,0,0.08154166666666667,0.14333333333333334,
dpql_2091,success,/workspace/triviaqa_tts/triviaqa-tts/audio/qwen3_aiden_seed42/pilot/dpql_2091_44ccffeabaf1.wav,"Had war not intervened, which city would have hosted the 1916 Olympics?",5.68,0,0.08245833333333333,0.017666666666666667,
dpql_2210,success,/workspace/triviaqa_tts/triviaqa-tts/audio/qwen3_aiden_seed42/pilot/dpql_2210_437b0d566bd4.wav,"When David killed Goliath, how many of his five stones did he use?",3.52,0,0.08616666666666667,0.057916666666666665,
dpql_2213,success,/workspace/triviaqa_tts/triviaqa-tts/audio/qwen3_aiden_seed42/pilot/dpql_2213_5f1725f259b8.wav,What bird did Good Queen Bess decree should be eaten at Christmas?,3.36,0,0.093625,0.049125,
dpql_2327,success,/workspace/triviaqa_tts/triviaqa-tts/audio/qwen3_aiden_seed42/pilot/dpql_2327_7e99b334d7f2.wav,"The husband of Lara Lewington, In which field is Martin Lewis a TV expert?",4.48,0,0.084875,0.033041666666666664,
dpql_2379,success,/workspace/triviaqa_tts/triviaqa-tts/audio/qwen3_aiden_seed42/pilot/dpql_2379_2f9625b7b351.wav,Who wrote the collection of Gothic horror stories entitled In A Glass Darkly in 1872?,6.8,0,0.08154166666666667,0.0415,
dpql_2525,success,/workspace/triviaqa_tts/triviaqa-tts/audio/qwen3_aiden_seed42/pilot/dpql_2525_5857f7d96bd8.wav,Who gets Brer Rabbit in a terrible tangle in the stories by Joel Chandler Harris?,5.68,0,0.08245833333333333,0.06395833333333334,
dpql_2565,success,/workspace/triviaqa_tts/triviaqa-tts/audio/qwen3_aiden_seed42/pilot/dpql_2565_a046fcf29ba1.wav,What first was opened by Margaret Sanger in Brooklyn in 1916?,4.32,0,0.09595833333333334,0.062625,
dpql_2873,success,/workspace/triviaqa_tts/triviaqa-tts/audio/qwen3_aiden_seed42/pilot/dpql_2873_c43e16f2df25.wav,"Conventionally treated as comprising a single order, which order of mammals lay eggs?",4.96,0,0.08145833333333333,0.04616666666666667,
dpql_3054,success,/workspace/triviaqa_tts/triviaqa-tts/audio/qwen3_aiden_seed42/pilot/dpql_3054_7d5d60074d33.wav,"In ‘Dad’s Army’, what was the surname of the air-raid warden?",3.84,0,0.08354166666666667,0.01879166666666667,
dpql_3424,success,/workspace/triviaqa_tts/triviaqa-tts/audio/qwen3_aiden_seed42/pilot/dpql_3424_edb9a343f54a.wav,Which ex-Dr Who appeared in four Carry On films?,3.12,0,0.094625,0.07608333333333334,
dpql_3447,success,/workspace/triviaqa_tts/triviaqa-tts/audio/qwen3_aiden_seed42/pilot/dpql_3447_b6e06e9b01c6.wav,In which film does psychopath Annie Wilkes wield a sledgehammer to horrific effect?,5.44,0,0.09345833333333334,0.04925,
dpql_4069,success,/workspace/triviaqa_tts/triviaqa-tts/audio/qwen3_aiden_seed42/pilot/dpql_4069_c2e0254be283.wav,Which French fashion designer regularly co-hosted UK TV’s ‘Eurotrash’?,5.52,0,0.097875,0.04541666666666667,
dpql_4118,success,/workspace/triviaqa_tts/triviaqa-tts/audio/qwen3_aiden_seed42/pilot/dpql_4118_49f5fd175ff5.wav,Who helped bring photography to the masses with his Kodak roll-film technology?,4.56,0,0.0815,0.071625,
dpql_4156,success,/workspace/triviaqa_tts/triviaqa-tts/audio/qwen3_aiden_seed42/pilot/dpql_4156_a6e3c70fd04d.wav,"What surname connects equestrians Michael, Ellen, William, Robert and John?",4.96,0,0.09116666666666666,0.020791666666666667,
dpql_4525,success,/workspace/triviaqa_tts/triviaqa-tts/audio/qwen3_aiden_seed42/pilot/dpql_4525_f2b29e8a2568.wav,What nickname was given to the Morris Cowley due to its appearance?,3.6,0,0.093625,0.05345833333333333,
dpql_4621,success,/workspace/triviaqa_tts/triviaqa-tts/audio/qwen3_aiden_seed42/pilot/dpql_4621_70594b8b54b1.wav,"In June 2015, after severe flooding, which capital city saw a mass escape of zoo animals?",6.8,0,0.083,0.07029166666666667,
dpql_4816,success,/workspace/triviaqa_tts/triviaqa-tts/audio/qwen3_aiden_seed42/pilot/dpql_4816_75c37ed63bcd.wav,In which decade did Coates compose 'The Dam Busters March'?,3.44,0,0.09654166666666666,0.04429166666666667,
dpql_4841,success,/workspace/triviaqa_tts/triviaqa-tts/audio/qwen3_aiden_seed42/pilot/dpql_4841_ba091f6f7063.wav,Which northern Duchies were questionable until the 1860s?,4.32,0,0.097625,0.034333333333333334,
dpql_4846,success,/workspace/triviaqa_tts/triviaqa-tts/audio/qwen3_aiden_seed42/pilot/dpql_4846_6e31118ad989.wav,'Indian Love Call' is a song from which 1924 operetta?,4.48,0,0.08379166666666667,0.04595833333333333,
dpql_4986,success,/workspace/triviaqa_tts/triviaqa-tts/audio/qwen3_aiden_seed42/pilot/dpql_4986_255889f2ffb6.wav,Which member of the earwig family is also known as a fishmoth?,3.68,0,0.08770833333333333,0.07591666666666666,
dpql_5438,success,/workspace/triviaqa_tts/triviaqa-tts/audio/qwen3_aiden_seed42/pilot/dpql_5438_78dc20efb782.wav,If a young person is described as a NEET what does this mean?,3.52,0,0.09275,0.016166666666666666,
dpql_5553,success,/workspace/triviaqa_tts/triviaqa-tts/audio/qwen3_aiden_seed42/pilot/dpql_5553_926112982b5c.wav,In which county will you find Fountains abbey and Studley Water Gardens?,4.32,0,0.0935,0.07154166666666667,
dpql_6075,success,/workspace/triviaqa_tts/triviaqa-tts/audio/qwen3_aiden_seed42/pilot/dpql_6075_b2ea48bc3b4f.wav,To whom did human-rights lawyer Amal Alamuddin become engaged in April 2014?,7.28,0,0.08129166666666666,0.09183333333333334,
dpql_6111,success,/workspace/triviaqa_tts/triviaqa-tts/audio/qwen3_aiden_seed42/pilot/dpql_6111_d23a8050dfd2.wav,Which Jersey-born actor played Superman in Man of Steel?,3.84,0,0.08970833333333333,0.05275,
dpql_6336,success,/workspace/triviaqa_tts/triviaqa-tts/audio/qwen3_aiden_seed42/pilot/dpql_6336_117b61f51fc4.wav,What term is used for a leap striking both heels together?,3.68,0,0.093875,0.05525,
dpql_6343,success,/workspace/triviaqa_tts/triviaqa-tts/audio/qwen3_aiden_seed42/pilot/dpql_6343_d581cbe8237c.wav,Which heroine from a 1961 film had a cat called Cat?,5.28,0,0.097625,0.08629166666666667,
wh_517,success,/workspace/triviaqa_tts/triviaqa-tts/audio/qwen3_aiden_seed42/pilot/wh_517_07a3de497945.wav,"Which famous composer, though better known for other works, wrote the music for several films including 'First of the Few' and 'Henry the Fifth'?",8.48,0,0.08520833333333333,0.06216666666666667,
wh_557,success,/workspace/triviaqa_tts/triviaqa-tts/audio/qwen3_aiden_seed42/pilot/wh_557_5f3346c4a3ef.wav,"Who duetted with Syd Owen on the single Better Believe It, which was released as part of the Children in Need appeal in 1995 ?",7.6,0,0.08133333333333333,0.041291666666666664,
wh_686,success,/workspace/triviaqa_tts/triviaqa-tts/audio/qwen3_aiden_seed42/pilot/wh_686_dc208d6041c4.wav,What is now Africa's biggest country in terms of land area after the split of Sudan?,5.44,0,0.09216666666666666,0.0665,
wh_879,success,/workspace/triviaqa_tts/triviaqa-tts/audio/qwen3_aiden_seed42/pilot/wh_879_b68e87c4c139.wav,Aladdin Sane and Diamond Dogs were number one albums for which famous singer in the 1970's?,5.68,0,0.08833333333333333,0.0135,
wh_984,success,/workspace/triviaqa_tts/triviaqa-tts/audio/qwen3_aiden_seed42/pilot/wh_984_bb3932963ccd.wav,The human brain is made up of between 10 billion and 100 billion nerve cells known as what?,5.84,0,0.08166666666666667,0.0925,
wh_1026,success,/workspace/triviaqa_tts/triviaqa-tts/audio/qwen3_aiden_seed42/pilot/wh_1026_c87df5728966.wav,The Nazi regime was Germany's Third Reich; which was the first Reich?,4.72,0,0.08358333333333333,0.15854166666666666,
wh_1106,success,/workspace/triviaqa_tts/triviaqa-tts/audio/qwen3_aiden_seed42/pilot/wh_1106_80f1aaef60a0.wav,"What name is given to the Middle Eastern dish of deep fried balls of ground chickpeas or Fava Beans, usually served in Pitta Bread?",7.84,0,0.09208333333333334,0.072125,
wh_1123,success,/workspace/triviaqa_tts/triviaqa-tts/audio/qwen3_aiden_seed42/pilot/wh_1123_1c414fea413f.wav,what is chased down Cooper's Hill in Gloucestershire in a traditional race every Spring Bank Holiday?,5.52,0,0.09183333333333334,0.04658333333333333,
wh_1278,success,/workspace/triviaqa_tts/triviaqa-tts/audio/qwen3_aiden_seed42/pilot/wh_1278_a3be9ebaa0cf.wav,"Although not the state capital, which is the largest city in the U.S. state of Nebraska ?",4.8,0,0.09595833333333334,0.024416666666666666,
wh_1738,success,/workspace/triviaqa_tts/triviaqa-tts/audio/qwen3_aiden_seed42/pilot/wh_1738_6a7c202af5e6.wav,"""Which famous speech of 1968 began with the words """"The supreme function of statesmanship is to provide against preventative evils""""?""",8.32,0,0.09029166666666667,0.016791666666666667,
wh_1889,success,/workspace/triviaqa_tts/triviaqa-tts/audio/qwen3_aiden_seed42/pilot/wh_1889_65b359a94f7e.wav,"""Which Scottish actor, born in Paisley, starred in the movies """"300"""", """"Law Abiding Citizen"""" and """"P.S. I love you"""" ?""",7.68,0,0.08220833333333333,0.021291666666666667,
wh_2073,success,/workspace/triviaqa_tts/triviaqa-tts/audio/qwen3_aiden_seed42/pilot/wh_2073_3232cc769d37.wav,"""The former Tory Home Secretary Reginald Maudling is quoted as saying, """"For God's sake bring me a large scotch. What a bloody awful country"""". To where was he referring ?""",10.4,0,0.08154166666666667,0.07454166666666667,
wh_2094,success,/workspace/triviaqa_tts/triviaqa-tts/audio/qwen3_aiden_seed42/pilot/wh_2094_d03d427e5eec.wav,In what classic novel are the two principal male characters called Cal and Aron ?,4.72,0,0.09483333333333334,0.022041666666666668,
wh_2405,success,/workspace/triviaqa_tts/triviaqa-tts/audio/qwen3_aiden_seed42/pilot/wh_2405_90a5537fe756.wav,Probably best remembered as being chief presenter of ITV's News At Ten between 1976 and 1991which British journalist and broadcaster sadly passed away on July 20th 2012?,14.16,0,0.08241666666666667,0.059416666666666666,
wh_2686,success,/workspace/triviaqa_tts/triviaqa-tts/audio/qwen3_aiden_seed42/pilot/wh_2686_c95eba36672e.wav,In which TV establishment were Miss Gatsby and Miss Tibbs residents ?,3.84,0,0.0935,0.08395833333333333,
wh_2691,success,/workspace/triviaqa_tts/triviaqa-tts/audio/qwen3_aiden_seed42/pilot/wh_2691_df8bd1c9c1a6.wav,Which Disney character is brought to life by the Blue Fairy ?,3.12,0,0.08883333333333333,0.08191666666666667,
wh_2759,success,/workspace/triviaqa_tts/triviaqa-tts/audio/qwen3_aiden_seed42/pilot/wh_2759_3579ed2496fb.wav,Which type of hat takes its name from an 1894 novel by George Du Maurier where the title character has the surname O'Ferrall ?,8.16,0,0.09675,0.07370833333333333,
wh_2865,success,/workspace/triviaqa_tts/triviaqa-tts/audio/qwen3_aiden_seed42/pilot/wh_2865_f2b1c4af2c36.wav,Darwin is the capital of which Australian state ?,2.64,0,0.09008333333333333,0.02420833333333333,
wh_3188,success,/workspace/triviaqa_tts/triviaqa-tts/audio/qwen3_aiden_seed42/pilot/wh_3188_f141363458d1.wav,Edward the Black Prince was the father of which English King?,3.44,0,0.08758333333333333,0.07541666666666667,
wh_3810,success,/workspace/triviaqa_tts/triviaqa-tts/audio/qwen3_aiden_seed42/pilot/wh_3810_1fafeb91ca52.wav,Some Americans claim to have seen a Sasquatch; by what name is it better known ?,5.12,0,0.08133333333333333,0.073,
wh_3924,success,/workspace/triviaqa_tts/triviaqa-tts/audio/qwen3_aiden_seed42/pilot/wh_3924_514451b8efa1.wav,"What is the name of the spider that has recently been in the news for attacking a 39 year old man in an Essex school, Described as being approximately 11 millimetres long they have a reputation for being extremely aggressive with a highly poisonous bite ?",15.76,0,0.08133333333333333,0.09266666666666666,
wh_3975,success,/workspace/triviaqa_tts/triviaqa-tts/audio/qwen3_aiden_seed42/pilot/wh_3975_4aa5e340a341.wav,"""""""Serpula Lacrymans"""" is the technical name for which decay of seasoned timber caused by a fungi that consume the cellulose of wood, leaving a soft skeleton which is readily reduced to powder ?""",12.4,0,0.08158333333333333,0.07308333333333333,
wh_4010,success,/workspace/triviaqa_tts/triviaqa-tts/audio/qwen3_aiden_seed42/pilot/wh_4010_8833d5b3f68d.wav,"""Which US City has the nickname """"Beantown"""" ?""",2.32,0,0.095,0.058041666666666665,
wh_4358,success,/workspace/triviaqa_tts/triviaqa-tts/audio/qwen3_aiden_seed42/pilot/wh_4358_4653d2dfc87d.wav,Which four word motto appeared on US banknotes for the first time on this day in 1982 ?,5.68,0,0.088875,0.02375,
bb_2,success,/workspace/triviaqa_tts/triviaqa-tts/audio/qwen3_aiden_seed42/pilot/bb_2_cf7c88b43520.wav,"Arctic King, Saladin and Tom Thumb are which types of vegetable?",5.12,0,0.090625,0.0010833333333333333,
bb_67,success,/workspace/triviaqa_tts/triviaqa-tts/audio/qwen3_aiden_seed42/pilot/bb_67_48eb6062ef3b.wav,The port of Plymouth is in which English county?,2.8,0,0.08133333333333333,0.057666666666666665,
bb_118,success,/workspace/triviaqa_tts/triviaqa-tts/audio/qwen3_aiden_seed42/pilot/bb_118_36a04008e483.wav,"Across Eastern Europe, the Middle East and parts of Asia, what are known as keftes or kufta, and similar words derived from Persian, kuftan, meaning beat or grind?",11.92,0,0.08820833333333333,0.007208333333333333,
bb_362,success,/workspace/triviaqa_tts/triviaqa-tts/audio/qwen3_aiden_seed42/pilot/bb_362_58652df3e34b.wav,"London's city bike rental scheme, which launched in 2010, is based on the Bixi project which introduced bike rental to which city?",8.96,0,0.08954166666666667,0.014916666666666667,
bb_854,success,/workspace/triviaqa_tts/triviaqa-tts/audio/qwen3_aiden_seed42/pilot/bb_854_0fe8a6fddaf3.wav,What was the title given to the daughters of the Kings of Spain and Portugal who were not the heir to the throne?,6.16,0,0.0835,0.06875,
bb_862,success,/workspace/triviaqa_tts/triviaqa-tts/audio/qwen3_aiden_seed42/pilot/bb_862_80d5a886ff34.wav,What is a system of muscle-building without moving joints?,3.28,0,0.092125,0.013916666666666667,
bb_890,success,/workspace/triviaqa_tts/triviaqa-tts/audio/qwen3_aiden_seed42/pilot/bb_890_9ebb65d6582d.wav,Oster-monath was the Anglo Saxon name for which month of the year?,3.92,0,0.09370833333333334,0.007416666666666667,
bb_924,success,/workspace/triviaqa_tts/triviaqa-tts/audio/qwen3_aiden_seed42/pilot/bb_924_c19fe857f026.wav,What former Egyptian president was born on Christmas day in 1918?,4.56,0,0.092,0.027333333333333334,
bb_1009,success,/workspace/triviaqa_tts/triviaqa-tts/audio/qwen3_aiden_seed42/pilot/bb_1009_03ce1624986e.wav,"Name Google's service launched in 2009 from which support was withdrawn in 2010, which offered 'next-generation email', messaging and twitter-style micro-blogging?",11.12,0,0.093625,0.05675,
bb_1522,success,/workspace/triviaqa_tts/triviaqa-tts/audio/qwen3_aiden_seed42/pilot/bb_1522_5470baecf52d.wav,The white pinwheel shaped Tiare is the national flower of which South Pacific island group?,5.28,0,0.08595833333333333,0.08658333333333333,
bb_1777,success,/workspace/triviaqa_tts/triviaqa-tts/audio/qwen3_aiden_seed42/pilot/bb_1777_eeb28876d38f.wav,"A Gay Girl in Damascus is the title of a hoax blog by fictional feminist/freedom campaigner Amina Abdallah Alaf al Omari, who in June 2011 was said to be based and abducted in which country?",13.12,0,0.09254166666666666,0.05479166666666667,
bb_2276,success,/workspace/triviaqa_tts/triviaqa-tts/audio/qwen3_aiden_seed42/pilot/bb_2276_606b344d1c72.wav,The Saltire is which country's flag?,2.08,0,0.08216666666666667,0.07508333333333334,
bb_2487,success,/workspace/triviaqa_tts/triviaqa-tts/audio/qwen3_aiden_seed42/pilot/bb_2487_3060af488bcf.wav,"What ship, whose name means thunderbolt, was Nelson's flagship 1799-1801, and later a training ship for boys?",8.4,0,0.093375,0.051958333333333336,
bb_2719,success,/workspace/triviaqa_tts/triviaqa-tts/audio/qwen3_aiden_seed42/pilot/bb_2719_18b740a9665a.wav,"What is the largest city by population in the world (at 2012, according to 'core districts' definition of city or equivalent)?",2.8,0,0.09091666666666667,0.018,
bb_2951,success,/workspace/triviaqa_tts/triviaqa-tts/audio/qwen3_aiden_seed42/pilot/bb_2951_8a915584b140.wav,Where during the Iron Age and Roman era was Gaul? West Central Europe; Spain and North Africa; Scandinavia; or Eastern Europe?,9.12,0,0.08579166666666667,0.09095833333333334,
bb_3448,success,/workspace/triviaqa_tts/triviaqa-tts/audio/qwen3_aiden_seed42/pilot/bb_3448_001af2c3159a.wav,In hairdressing what generally is the final stage of a hair perming process?,4.56,0,0.089875,0.015291666666666667,
bb_3905,success,/workspace/triviaqa_tts/triviaqa-tts/audio/qwen3_aiden_seed42/pilot/bb_3905_1eaacedb8fc0.wav,"What plant, named Olea europaea, is an ancient widely used metaphor for peace?",6.32,0,0.093375,0.04883333333333333,
bb_3995,success,/workspace/triviaqa_tts/triviaqa-tts/audio/qwen3_aiden_seed42/pilot/bb_3995_5e43f807bfdc.wav,The massively popular Chinese website Taobao.com (10th busiest globally at 2013) operates in which sector?,4.72,0,0.08404166666666667,0.08191666666666667,
bb_4137,success,/workspace/triviaqa_tts/triviaqa-tts/audio/qwen3_aiden_seed42/pilot/bb_4137_7299914c7188.wav,"Dassault, Embraer, Grob, and Sino Swearingen are makers of which high-end transport?",6.08,0,0.08429166666666667,0.01475,
bb_4168,success,/workspace/triviaqa_tts/triviaqa-tts/audio/qwen3_aiden_seed42/pilot/bb_4168_e0edd3fd0ad7.wav,The hamburger is named after?,1.36,0,0.08320833333333333,0.089375,
bb_4169,success,/workspace/triviaqa_tts/triviaqa-tts/audio/qwen3_aiden_seed42/pilot/bb_4169_2686e21f1e9f.wav,"Which numbers refer informally to a combination of impactful events, derived from a boxing metaphor?",6.96,0,0.08341666666666667,0.051416666666666666,
bb_4519,success,/workspace/triviaqa_tts/triviaqa-tts/audio/qwen3_aiden_seed42/pilot/bb_4519_b6da35e40148.wav,"What is the acronym referring to a scale of readiness in the US military, derived from 'defense readiness condition'?",6.8,0,0.083375,0.021791666666666668,
bb_4796,success,/workspace/triviaqa_tts/triviaqa-tts/audio/qwen3_aiden_seed42/pilot/bb_4796_8275d2073c89.wav,By the year 2010 there were roughly how many bicycles worldwide?,3.44,0,0.09125,0.048666666666666664,
bb_5444,success,/workspace/triviaqa_tts/triviaqa-tts/audio/qwen3_aiden_seed42/pilot/bb_5444_f9966e2b2c3a.wav,Pakistan shares India's (What?) border ?,2.32,0,0.09075,0.06204166666666667,
bb_5624,success,/workspace/triviaqa_tts/triviaqa-tts/audio/qwen3_aiden_seed42/pilot/bb_5624_f85e43cd46d1.wav,"The first independent credit payment card, inspired in 1949 by a particular service, was called '(What?) Club International'?",8.72,0,0.08670833333333333,0.016291666666666666,
bb_5861,success,/workspace/triviaqa_tts/triviaqa-tts/audio/qwen3_aiden_seed42/pilot/bb_5861_46f5873d545e.wav,What dog breed has Queen Elizabeth II traditionally had as pets?,3.84,0,0.09125,0.051875,
bb_6256,success,/workspace/triviaqa_tts/triviaqa-tts/audio/qwen3_aiden_seed42/pilot/bb_6256_f0f8e13dd782.wav,Name the last US president to meet the leader of Cuba before Barack Obama did in 2015?,6.8,0,0.08708333333333333,0.06845833333333333,
bb_7071,success,/workspace/triviaqa_tts/triviaqa-tts/audio/qwen3_aiden_seed42/pilot/bb_7071_3b5dd3ac5089.wav,What plant was traditionally cultivated in Europe for its unique blue dye?,4.16,0,0.093375,0.07179166666666667,
bb_7289,success,/workspace/triviaqa_tts/triviaqa-tts/audio/qwen3_aiden_seed42/pilot/bb_7289_e4e9794b19f9.wav,Singer and musician Gordon Sumner is better known by what name?,4.0,0,0.08141666666666666,0.0585,
bb_7437,success,/workspace/triviaqa_tts/triviaqa-tts/audio/qwen3_aiden_seed42/pilot/bb_7437_85724e736d37.wav,Who sang with Serge Gainsbourg on the hit Je t'aime?,2.56,0,0.08245833333333333,0.06720833333333333,
bb_7738,success,/workspace/triviaqa_tts/triviaqa-tts/audio/qwen3_aiden_seed42/pilot/bb_7738_8d50ec9fc3a1.wav,Which British sportsman's autobiography is entitled Walking Tall?,3.84,0,0.08879166666666667,0.06216666666666667,
bb_7750,success,/workspace/triviaqa_tts/triviaqa-tts/audio/qwen3_aiden_seed42/pilot/bb_7750_63ed0c2a2dad.wav,The term 'green-eyed monster' originated from which of Shakepseare's plays?,4.56,0,0.08758333333333333,0.051958333333333336,
bb_8072,success,/workspace/triviaqa_tts/triviaqa-tts/audio/qwen3_aiden_seed42/pilot/bb_8072_6613607d9e87.wav,Which US lead singer's real name is William Baily?,2.96,0,0.09370833333333334,0.08075,
bb_8345,success,/workspace/triviaqa_tts/triviaqa-tts/audio/qwen3_aiden_seed42/pilot/bb_8345_adcd809e6297.wav,According to legend who killed the lion represented by the constellation Leo?,4.8,0,0.08504166666666667,0.060208333333333336,
bb_8470,success,/workspace/triviaqa_tts/triviaqa-tts/audio/qwen3_aiden_seed42/pilot/bb_8470_40662d4fdec7.wav,In the 1833 Factory Act in Britain what was the minimum age of a child allowed to work in a factory?,6.08,0,0.08441666666666667,0.012791666666666666,
bb_8732,success,/workspace/triviaqa_tts/triviaqa-tts/audio/qwen3_aiden_seed42/pilot/bb_8732_deee051abc1a.wav,Vladimir Voronin resigned as the president of which country?,3.28,0,0.08275,0.021625,
bb_8893,success,/workspace/triviaqa_tts/triviaqa-tts/audio/qwen3_aiden_seed42/pilot/bb_8893_62bc9faa2b4d.wav,What is the furcula of a bird more commonly called?,3.28,0,0.09116666666666666,0.047875,
bb_8989,success,/workspace/triviaqa_tts/triviaqa-tts/audio/qwen3_aiden_seed42/pilot/bb_8989_2567e58e65e8.wav,"The usual graph shape for product failure rate, starting and ending high with a long flat bottom in between, is known as what sort of curve?",9.52,0,0.08754166666666667,0.045375,
bb_9117,success,/workspace/triviaqa_tts/triviaqa-tts/audio/qwen3_aiden_seed42/pilot/bb_9117_d0e6de0e0fad.wav,What was Amy Williams sled called on which she won Olympic gold for Britain at Vancouver in the Skeleton event?,6.0,0,0.09270833333333334,0.04829166666666666,
bb_9184,success,/workspace/triviaqa_tts/triviaqa-tts/audio/qwen3_aiden_seed42/pilot/bb_9184_793facf39fb3.wav,"Pentatonic, hexatonic, and heptatonic are types of what?",4.4,0,0.091125,0.06583333333333333,
bb_9251,success,/workspace/triviaqa_tts/triviaqa-tts/audio/qwen3_aiden_seed42/pilot/bb_9251_94959be34d81.wav,Mycology is the study of what?,2.72,0,0.09208333333333334,0.05725,
bb_9353,success,/workspace/triviaqa_tts/triviaqa-tts/audio/qwen3_aiden_seed42/pilot/bb_9353_4f75a309644e.wav,"Which body of water was previously called the Euxine, after early colonisation of its southern coastline by Greeks, derived from their word for 'hospitable'?",10.0,0,0.089375,0.06379166666666666,
qw_145,success,/workspace/triviaqa_tts/triviaqa-tts/audio/qwen3_aiden_seed42/pilot/qw_145_a09b74379e6f.wav,What was the confrontation between the United States and the Soviet Union that was at its peak in October 1962?,7.28,0,0.08425,0.024125,
qw_402,success,/workspace/triviaqa_tts/triviaqa-tts/audio/qwen3_aiden_seed42/pilot/qw_402_f9bb96daea64.wav,"""Which horse race meeting, for """"The Gold Cup"""", was first run in 1711 and is held on 7 June each year?""",7.6,0,0.09529166666666666,0.06141666666666667,
qw_446,success,/workspace/triviaqa_tts/triviaqa-tts/audio/qwen3_aiden_seed42/pilot/qw_446_2117eb8d2318.wav,"""Which bass guitarist, songwriter, singer, and horn player, best known as part of """"The Who"""", died in June 2002?""",7.92,0,0.095625,0.026375,
qw_472,success,/workspace/triviaqa_tts/triviaqa-tts/audio/qwen3_aiden_seed42/pilot/qw_472_ee5637e513bb.wav,"In the nursery rhyme, who could eat no fat, and whose wife could eat no lean?",4.4,0,0.08829166666666667,0.014166666666666666,
qw_520,success,/workspace/triviaqa_tts/triviaqa-tts/audio/qwen3_aiden_seed42/pilot/qw_520_1031b5550392.wav,"""Which British sitcom was retitled """"Good Neighbors"""" when it played in the United States?""",4.64,0,0.08883333333333333,0.024291666666666666,
qw_680,success,/workspace/triviaqa_tts/triviaqa-tts/audio/qwen3_aiden_seed42/pilot/qw_680_0cca779e0f82.wav,"Where is the area of 127,000 square kilometres (49,000 sq miles) in central South Australia, where public are not admitted under Australian Defence Force regulations?",10.56,0,0.084125,0.05583333333333333,
qw_750,success,/workspace/triviaqa_tts/triviaqa-tts/audio/qwen3_aiden_seed42/pilot/qw_750_1f1430e452a6.wav,"In the Crimean War, what did Florence Nightingale begin to be called?",4.16,0,0.08829166666666667,0.06233333333333333,
qw_1111,success,/workspace/triviaqa_tts/triviaqa-tts/audio/qwen3_aiden_seed42/pilot/qw_1111_cbb7bb0a43cb.wav,What is the name given to a distinguishing device stamped into the substance of a sheet of paper when it is wet?,5.36,0,0.09125,0.024083333333333335,
qw_1367,success,/workspace/triviaqa_tts/triviaqa-tts/audio/qwen3_aiden_seed42/pilot/qw_1367_d5158d88303a.wav,"In the nursery rhyme, who put in his thumb and pulled out a plum?",3.28,0,0.08829166666666667,0.03729166666666667,
qw_1392,success,/workspace/triviaqa_tts/triviaqa-tts/audio/qwen3_aiden_seed42/pilot/qw_1392_6af5d49637b3.wav,"What is the former name of Helsingor, Denmark?",2.4,0,0.08433333333333333,0.02975,
qw_2151,success,/workspace/triviaqa_tts/triviaqa-tts/audio/qwen3_aiden_seed42/pilot/qw_2151_237bb275f222.wav,"What, the first of its kind in Britain, was established by John Tate in Stevenage, Hertfordshire in 1489?",8.48,0,0.08133333333333333,0.030083333333333333,
qw_2616,success,/workspace/triviaqa_tts/triviaqa-tts/audio/qwen3_aiden_seed42/pilot/qw_2616_f6c361dc19d5.wav,What is the name of the golf trophy for competition between teams of professional golfers from Europe and the USA that was first contested between Great Britain and the USA in 1927?,12.16,0,0.08433333333333333,0.04133333333333333,
qw_2752,success,/workspace/triviaqa_tts/triviaqa-tts/audio/qwen3_aiden_seed42/pilot/qw_2752_e17cad1eac2e.wav,"In June 2009, General Motors announced that it would sell which of its brands to Tengzhong Heavy Industrial Machinery, based in China?",9.12,0,0.08316666666666667,0.035083333333333334,
qw_2759,success,/workspace/triviaqa_tts/triviaqa-tts/audio/qwen3_aiden_seed42/pilot/qw_2759_9cd2b90df860.wav,"""Who developed the men's scent """"I Am King"""", which was first marketed in February 2009?""",5.76,0,0.08133333333333333,0.023458333333333335,
qw_2864,success,/workspace/triviaqa_tts/triviaqa-tts/audio/qwen3_aiden_seed42/pilot/qw_2864_f8477d31bae2.wav,"Staten Island, New York, is at the mouth of which river?",3.04,0,0.08154166666666667,0.06316666666666666,
qw_3180,success,/workspace/triviaqa_tts/triviaqa-tts/audio/qwen3_aiden_seed42/pilot/qw_3180_05cfb0ad2d71.wav,"What product of photosynthesis, a carbohydrate occurring in the cells of plants, can be changed into glucose or dextrine?",7.68,0,0.09208333333333334,0.020916666666666667,
qw_3210,success,/workspace/triviaqa_tts/triviaqa-tts/audio/qwen3_aiden_seed42/pilot/qw_3210_a6303c190fec.wav,"In 1987, the Fdracion International del Volleyball arranged the first World Beach Volleyball Championships, which was played where?",9.12,0,0.08320833333333333,0.07566666666666666,
qw_3353,success,/workspace/triviaqa_tts/triviaqa-tts/audio/qwen3_aiden_seed42/pilot/qw_3353_67fc5a344679.wav,Which sport was developed in 1895 when the Rugby Union refused to allow professionalism?,6.96,0,0.09070833333333334,0.037333333333333336,
qw_3582,success,/workspace/triviaqa_tts/triviaqa-tts/audio/qwen3_aiden_seed42/pilot/qw_3582_f85ec6128ae7.wav,The English cities of Gloucester and Worcester are on which river?,3.52,0,0.087625,0.08858333333333333,
qw_4205,success,/workspace/triviaqa_tts/triviaqa-tts/audio/qwen3_aiden_seed42/pilot/qw_4205_270355887b1d.wav,Who according to legend was the son of Zeus and Europa and became King of Crete?,5.12,0,0.081,0.021666666666666667,
qw_4247,success,/workspace/triviaqa_tts/triviaqa-tts/audio/qwen3_aiden_seed42/pilot/qw_4247_7be52d2af905.wav,What do the letters GF mean on a menu?,2.48,0,0.09095833333333334,0.08695833333333333,
qw_4478,success,/workspace/triviaqa_tts/triviaqa-tts/audio/qwen3_aiden_seed42/pilot/qw_4478_c6268f19d7fe.wav,What activity became legal in The Republic of Ireland when the 15th Amendment to the Constitution was passed in 1995?,7.76,0,0.09358333333333334,0.033791666666666664,
qw_4545,success,/workspace/triviaqa_tts/triviaqa-tts/audio/qwen3_aiden_seed42/pilot/qw_4545_1918d2067b72.wav,Australian Shane Warne is associated with which sport?,3.44,0,0.09070833333333334,0.017583333333333333,
qw_4661,success,/workspace/triviaqa_tts/triviaqa-tts/audio/qwen3_aiden_seed42/pilot/qw_4661_d8ae023deaf1.wav,What is the name used in North America for a man who makes his living by felling trees?,5.04,0,0.09075,0.03158333333333333,
qw_4699,success,/workspace/triviaqa_tts/triviaqa-tts/audio/qwen3_aiden_seed42/pilot/qw_4699_ef78425053b8.wav,"""Who is a South African serial killer who committed the """"ABC Murders"""" between 1994 and 1995, with over 30 victims?""",9.04,0,0.08154166666666667,0.03941666666666667,
qw_5039,success,/workspace/triviaqa_tts/triviaqa-tts/audio/qwen3_aiden_seed42/pilot/qw_5039_bc4c320f2d32.wav,A novel by General Lew Wallace published in 1880 was made into which films in 1926 (a silent movie) and 1959 (produced by William Wyler)?,7.76,0,0.086,0.06141666666666667,
qw_5625,success,/workspace/triviaqa_tts/triviaqa-tts/audio/qwen3_aiden_seed42/pilot/qw_5625_931eff0f84d0.wav,"""What sort of animal is Beatrix Potter's """"Mrs Tiggywinkle""""?""",3.92,0,0.09620833333333334,0.021583333333333333,
qw_6139,success,/workspace/triviaqa_tts/triviaqa-tts/audio/qwen3_aiden_seed42/pilot/qw_6139_a3fdbb933921.wav,"What genus of flowering plants, native to an area from Brazil to Peru to southern Argentina discovered in 1768 by French botanist Philibert Commeron, is a thorny, woody vine reaching from 1 to 12 metres tall by growing over other plants with hooked thorns tipped with a black, waxy substance?",24.08,0,0.08275,0.07554166666666666,
qw_6164,success,/workspace/triviaqa_tts/triviaqa-tts/audio/qwen3_aiden_seed42/pilot/qw_6164_99cbabd72e7c.wav,Which horse race is held at Churchill Downs?,2.32,0,0.091,0.028625,
qw_6477,success,/workspace/triviaqa_tts/triviaqa-tts/audio/qwen3_aiden_seed42/pilot/qw_6477_27e9e928a960.wav,"Which city, since the 14th century BC, has been controlled by Israelites, Judaeans, Babylonians, Persians, Greeks, Hasmoneans, Romans, Byzantines, Arabs, Mamluks, Turks, and the British and for a short time after World War II was occupied by Israel and Jordan?",20.4,0,0.096875,0.04429166666666667,
qw_6504,success,/workspace/triviaqa_tts/triviaqa-tts/audio/qwen3_aiden_seed42/pilot/qw_6504_b0459abe3829.wav,What is the name of the tool used to sharpen a knife?,2.88,0,0.09141666666666666,0.04945833333333333,
qw_6572,success,/workspace/triviaqa_tts/triviaqa-tts/audio/qwen3_aiden_seed42/pilot/qw_6572_7078ee81fe40.wav,"Project SCORE, the worlds first communications satellite, was launched when?",4.72,0,0.08145833333333333,0.015458333333333333,
qw_6622,success,/workspace/triviaqa_tts/triviaqa-tts/audio/qwen3_aiden_seed42/pilot/qw_6622_1666a1bdedb2.wav,What is the only country in the southern hemisphere to have won a gold medal in the Winter Olympics?,5.2,0,0.09383333333333334,0.023583333333333335,
qw_7108,success,/workspace/triviaqa_tts/triviaqa-tts/audio/qwen3_aiden_seed42/pilot/qw_7108_7cd412616add.wav,"What is the name of the system of stellar designation in which a specific star is identified by a Greek letter (then Latin letters in lower-case then upper-case), followed by the genitive form of its parent constellation's Latin name (e.g. Tauri)?",12.4,0,0.09345833333333334,0.026958333333333334,
qw_7430,success,/workspace/triviaqa_tts/triviaqa-tts/audio/qwen3_aiden_seed42/pilot/qw_7430_80b2766add4d.wav,Beatrice Tinsley was well known in what field?,2.8,0,0.08329166666666667,0.06141666666666667,
qw_7623,success,/workspace/triviaqa_tts/triviaqa-tts/audio/qwen3_aiden_seed42/pilot/qw_7623_f45f737efe60.wav,"""Broadly, what is the setting for Samuel Beckett's play """"Happy Days""""?""",4.08,0,0.08625,0.033166666666666664,
qw_7700,success,/workspace/triviaqa_tts/triviaqa-tts/audio/qwen3_aiden_seed42/pilot/qw_7700_0215851fadb1.wav,Celadon is a shade of what colour?,2.32,0,0.08133333333333333,0.0385,
qw_7722,success,/workspace/triviaqa_tts/triviaqa-tts/audio/qwen3_aiden_seed42/pilot/qw_7722_2ce75dd378a6.wav,What is identified by an I. S. B. N.?,3.28,0,0.08970833333333333,0.030791666666666665,
qw_7938,success,/workspace/triviaqa_tts/triviaqa-tts/audio/qwen3_aiden_seed42/pilot/qw_7938_95de363c62ae.wav,"""Where was the sport called """"Tossing the caber"""" developed?""",3.12,0,0.0925,0.026375,
qw_8293,success,/workspace/triviaqa_tts/triviaqa-tts/audio/qwen3_aiden_seed42/pilot/qw_8293_9655aa8a8858.wav,"During the Cuban Missile Crisis of 1962, what did Kennedy threaten if Khrushchev did not agree to remove missiles from the Soviet intermediate-range ballistic missile site under construction in Cuba?",13.2,0,0.08154166666666667,0.070125,
qw_8425,success,/workspace/triviaqa_tts/triviaqa-tts/audio/qwen3_aiden_seed42/pilot/qw_8425_747192c1ab62.wav,What word's original meaning was to do with the provison of granite chips onto the ground and then made into a hard and smooth surface using a roller?,9.76,0,0.08270833333333333,0.06475,
qw_8531,success,/workspace/triviaqa_tts/triviaqa-tts/audio/qwen3_aiden_seed42/pilot/qw_8531_cadedfbca7af.wav,"The Black Hawk War was for possession of lands east of the Mississippi. In which modern day state was the first confrontation, at Stillman's Run, on 14 May 1832, which resulted in a victory for Chief Black Hawk's Sauk and Fox warriors over the local militiamen commanded by Major Isaiah Stillman?",20.72,0,0.09279166666666666,0.05575,
qw_8592,success,/workspace/triviaqa_tts/triviaqa-tts/audio/qwen3_aiden_seed42/pilot/qw_8592_61b03becca26.wav,What name is given to the unnatural fear of men?,2.8,0,0.084375,0.022583333333333334,
qw_8793,success,/workspace/triviaqa_tts/triviaqa-tts/audio/qwen3_aiden_seed42/pilot/qw_8793_d89457d21b11.wav,The mountain massif called Maxwell Montes contains the highest point on the surface of which planet?,5.84,0,0.08379166666666667,0.090625,
qw_8809,success,/workspace/triviaqa_tts/triviaqa-tts/audio/qwen3_aiden_seed42/pilot/qw_8809_b35f2ed685da.wav,What natural effect is only visible during a total eclipse of the sun?,3.76,0,0.09383333333333334,0.0315,
qw_9422,success,/workspace/triviaqa_tts/triviaqa-tts/audio/qwen3_aiden_seed42/pilot/qw_9422_0babf7595c7a.wav,"""Who wrote the poem """"Daffodils""""?""",1.92,0,0.08154166666666667,0.059458333333333335,
qw_11192,success,/workspace/triviaqa_tts/triviaqa-tts/audio/qwen3_aiden_seed42/pilot/qw_11192_dab15df73a62.wav,"James Esdaile, John Elliotson, Jean-Martin Charcot, Hippolyte Bernheim, Pierre Janet, mile Cou, Morton Prince, Clark L. Hull, Andrew Salter, Theodore R. Sarbin, Ernest Hilgard, Martin Theodore Orne, and Nicholas Spanos are associated with what?",17.36,0,0.08158333333333333,0.020791666666666667,
qw_11526,success,/workspace/triviaqa_tts/triviaqa-tts/audio/qwen3_aiden_seed42/pilot/qw_11526_32fc1e76f4e0.wav,Where is the Australian parliament based?,2.64,0,0.08579166666666667,0.029916666666666668,
qw_11620,success,/workspace/triviaqa_tts/triviaqa-tts/audio/qwen3_aiden_seed42/pilot/qw_11620_110ea6e95a09.wav,Muslin and chenille are two what?,2.24,0,0.08195833333333333,0.086125,
qw_12145,success,/workspace/triviaqa_tts/triviaqa-tts/audio/qwen3_aiden_seed42/pilot/qw_12145_1b91932e135a.wav,"In 1993, Eritrea became independent from which country?",4.16,0,0.088125,0.03833333333333333,
qw_13397,success,/workspace/triviaqa_tts/triviaqa-tts/audio/qwen3_aiden_seed42/pilot/qw_13397_453adc6d47c7.wav,"The 1976 Summer Olympics were boycotted by a number of African nations, for what reason?",6.32,0,0.08429166666666667,0.024125,
qw_13520,success,/workspace/triviaqa_tts/triviaqa-tts/audio/qwen3_aiden_seed42/pilot/qw_13520_fa96c9a9a19c.wav,"""Which German was deprived of his nationality in 1938 mainly for writing """"All Quiet On The Western Front"""" and """"The Road Back""""?""",8.48,0,0.095,0.043875,
qw_14410,success,/workspace/triviaqa_tts/triviaqa-tts/audio/qwen3_aiden_seed42/pilot/qw_14410_361ab305f086.wav,The 25th screen version of which novel was released in 2012?,4.24,0,0.08820833333333333,0.030583333333333334,
qw_14570,success,/workspace/triviaqa_tts/triviaqa-tts/audio/qwen3_aiden_seed42/pilot/qw_14570_94c3195b978b.wav,What novel was published by Bob Dylan in 1971?,3.52,0,0.09116666666666666,0.022583333333333334,
qw_14687,success,/workspace/triviaqa_tts/triviaqa-tts/audio/qwen3_aiden_seed42/pilot/qw_14687_0d7ebdcf003e.wav,What word is traditionally applied to clothes and linen collected by a woman before her marriage?,6.64,0,0.09316666666666666,0.06054166666666667,
qw_14959,success,/workspace/triviaqa_tts/triviaqa-tts/audio/qwen3_aiden_seed42/pilot/qw_14959_52ef4bcfd04f.wav,"What is next in the sequence: Lima, Quito, Bogota...?",3.92,0,0.08783333333333333,0.03829166666666667,
qw_14960,success,/workspace/triviaqa_tts/triviaqa-tts/audio/qwen3_aiden_seed42/pilot/qw_14960_133dc38411ea.wav,"The winner of the Academy Award for Best Foreign Film 1987, Babette's Feast, was set in, and filmed by, what country?",8.56,0,0.08395833333333333,0.054375,
qw_15889,success,/workspace/triviaqa_tts/triviaqa-tts/audio/qwen3_aiden_seed42/pilot/qw_15889_03e8f4ee1c69.wav,The largest ice fields in the southern hemisphere outside Antarctica are located where?,5.2,0,0.08416666666666667,0.0795,
qw_16426,success,/workspace/triviaqa_tts/triviaqa-tts/audio/qwen3_aiden_seed42/pilot/qw_16426_8e8eb8957736.wav,The Italian cheese called dolcelatte translates into English as what?,4.72,0,0.088,0.01875,
jp_124,success,/workspace/triviaqa_tts/triviaqa-tts/audio/qwen3_aiden_seed42/pilot/jp_124_c3bd8af42efa.wav,What dance craze was named after a city in South Carolina?,3.52,0,0.092,0.03754166666666667,
jp_189,success,/workspace/triviaqa_tts/triviaqa-tts/audio/qwen3_aiden_seed42/pilot/jp_189_7a98d905ce11.wav,"Fill in the blank: Houston, Tranquility Base here. The _____ has landed",5.2,0,0.08145833333333333,0.07116666666666667,
jp_243,success,/workspace/triviaqa_tts/triviaqa-tts/audio/qwen3_aiden_seed42/pilot/jp_243_1d44c19bffb6.wav,What country did the Reagan administration illegally sell arms to?,3.76,0,0.09208333333333334,0.017166666666666667,
jp_686,success,/workspace/triviaqa_tts/triviaqa-tts/audio/qwen3_aiden_seed42/pilot/jp_686_a6352c62f1e3.wav,In what city would you find Copacabana beach?,2.32,0,0.09341666666666666,0.022791666666666665,
jp_745,success,/workspace/triviaqa_tts/triviaqa-tts/audio/qwen3_aiden_seed42/pilot/jp_745_77f481e67a5b.wav,"Lucrezia, Cesare, and Rodrigo were part of what papal family?",4.48,0,0.09083333333333334,0.03158333333333333,
jp_1192,success,/workspace/triviaqa_tts/triviaqa-tts/audio/qwen3_aiden_seed42/pilot/jp_1192_69ad715b2161.wav,What is the biggest Italian automaker?,2.64,0,0.08133333333333333,0.07470833333333333,
jp_1381,success,/workspace/triviaqa_tts/triviaqa-tts/audio/qwen3_aiden_seed42/pilot/jp_1381_4fd99d92467f.wav,What is the name of both a tire company and a restaurant guide?,3.92,0,0.0845,0.057916666666666665,
jp_1522,success,/workspace/triviaqa_tts/triviaqa-tts/audio/qwen3_aiden_seed42/pilot/jp_1522_25d8ce1cab9b.wav,"""Who said """"we're more popular than Jesus now"""", in 1966?""",5.6,0,0.08154166666666667,0.07908333333333334,
jp_1525,success,/workspace/triviaqa_tts/triviaqa-tts/audio/qwen3_aiden_seed42/pilot/jp_1525_0f2043e991e4.wav,"""In what city did James Joyce's """"Ulysses"""" take place?""",3.28,0,0.09391666666666666,0.01175,
jp_1699,success,/workspace/triviaqa_tts/triviaqa-tts/audio/qwen3_aiden_seed42/pilot/jp_1699_3507dec97576.wav,Which country has the greatest number of ancient pyramids? (hint: They are called the Nubian Pyramids),3.2,0,0.08829166666666667,0.006125,
jp_1777,success,/workspace/triviaqa_tts/triviaqa-tts/audio/qwen3_aiden_seed42/pilot/jp_1777_f6a79042e5ef.wav,"Luke, who is your father?",1.2,0,0.09725,0.07470833333333333,
jp_1878,success,/workspace/triviaqa_tts/triviaqa-tts/audio/qwen3_aiden_seed42/pilot/jp_1878_f17b89f7402d.wav,"Who's the cat that won't cop out, when there's danger all about?",3.6,0,0.08245833333333333,0.016583333333333332,
jp_2002,success,/workspace/triviaqa_tts/triviaqa-tts/audio/qwen3_aiden_seed42/pilot/jp_2002_83409231e63b.wav,What was the first spacecraft to orbit the Earth?,2.08,0,0.09245833333333334,0.024708333333333332,
jp_2203,success,/workspace/triviaqa_tts/triviaqa-tts/audio/qwen3_aiden_seed42/pilot/jp_2203_5d7303aa8a14.wav,"""What is the American name for the board game known in England as """"draughts""""?""",3.92,0,0.09095833333333334,0.075375,
jp_2354,success,/workspace/triviaqa_tts/triviaqa-tts/audio/qwen3_aiden_seed42/pilot/jp_2354_f1c0731d7ece.wav,What term refers to a triangle with two equal sides?,3.6,0,0.09208333333333334,0.05354166666666667,
jp_3077,success,/workspace/triviaqa_tts/triviaqa-tts/audio/qwen3_aiden_seed42/pilot/jp_3077_bbb30c7132bc.wav,What is a Teeter-Totter more commonly called?,2.56,0,0.0845,0.06820833333333333,
jp_3155,success,/workspace/triviaqa_tts/triviaqa-tts/audio/qwen3_aiden_seed42/pilot/jp_3155_5d3118cbb388.wav,What religious text was recently adapted into a hit Broadway musical?,4.32,0,0.08391666666666667,0.05495833333333333,
jp_3569,success,/workspace/triviaqa_tts/triviaqa-tts/audio/qwen3_aiden_seed42/pilot/jp_3569_90e8d6274a43.wav,What hourglass-shaped women's garment was made using whalebone?,3.28,0,0.093375,0.051375,
jp_3690,success,/workspace/triviaqa_tts/triviaqa-tts/audio/qwen3_aiden_seed42/pilot/jp_3690_94abbf1452de.wav,In what country did Bossa Nova music originate?,2.96,0,0.0935,0.017166666666666667,
jp_3747,success,/workspace/triviaqa_tts/triviaqa-tts/audio/qwen3_aiden_seed42/pilot/jp_3747_f45d0f96692b.wav,What Swedish city is connected to Copenhagen via a bridge?,3.92,0,0.09208333333333334,0.04716666666666667,
jp_4066,success,/workspace/triviaqa_tts/triviaqa-tts/audio/qwen3_aiden_seed42/pilot/jp_4066_0562ed812dbe.wav,Who is the famous brother of Emilio Estevez?,2.88,0,0.08154166666666667,0.051958333333333336,
jp_4103,success,/workspace/triviaqa_tts/triviaqa-tts/audio/qwen3_aiden_seed42/pilot/jp_4103_a28974dd4341.wav,Who did June Carter marry?,1.6,0,0.08154166666666667,0.041791666666666664,
jp_4127,success,/workspace/triviaqa_tts/triviaqa-tts/audio/qwen3_aiden_seed42/pilot/jp_4127_c52609aae3c9.wav,"""What was the most famous song from the movie """"Frozen""""?""",2.88,0,0.09533333333333334,0.06595833333333333,
jp_4425,success,/workspace/triviaqa_tts/triviaqa-tts/audio/qwen3_aiden_seed42/pilot/jp_4425_f62eac5fc0e0.wav,"""What diminutive actor stars as Frank Reynolds in """"It's Alway Sunny in Philadelphia""""?""",6.48,0,0.08966666666666667,0.07608333333333334,
sfq_704,success,/workspace/triviaqa_tts/triviaqa-tts/audio/qwen3_aiden_seed42/pilot/sfq_704_ba8e477df0b5.wav,"100.4 Smooth Radio, and 105.4 Century FM, etc, are based where?",6.72,0,0.09045833333333334,0.01225,
sfq_1227,success,/workspace/triviaqa_tts/triviaqa-tts/audio/qwen3_aiden_seed42/pilot/sfq_1227_c7dc5bd5a15b.wav,Who was the German born private astronomer to George 3rd?,3.44,0,0.0825,0.034375,
sfq_1385,success,/workspace/triviaqa_tts/triviaqa-tts/audio/qwen3_aiden_seed42/pilot/sfq_1385_9cab32b4a492.wav,An encephalogram is an X-Ray photograph of which part of the human body?,3.92,0,0.090875,0.060125,
sfq_1626,success,/workspace/triviaqa_tts/triviaqa-tts/audio/qwen3_aiden_seed42/pilot/sfq_1626_ce549fc7df2d.wav,Which nineteenth century artist had the Christian names John Everett?,3.84,0,0.08908333333333333,0.036083333333333335,
sfq_1735,success,/workspace/triviaqa_tts/triviaqa-tts/audio/qwen3_aiden_seed42/pilot/sfq_1735_0362649b9dcb.wav,Give a year in the life of German painter Albrecht Durer.,3.2,0,0.08233333333333333,0.04670833333333333,
sfq_2501,success,/workspace/triviaqa_tts/triviaqa-tts/audio/qwen3_aiden_seed42/pilot/sfq_2501_2a8bb5f4e060.wav,Nephritis is the inflammation of which organ?,2.64,0,0.09454166666666666,0.025458333333333333,
sfq_2691,success,/workspace/triviaqa_tts/triviaqa-tts/audio/qwen3_aiden_seed42/pilot/sfq_2691_be76fbb66ca8.wav,Which island is connected to Brooklyn by the Verrazano Narrows bridge?,3.68,0,0.093875,0.028583333333333332,
sfq_2696,success,/workspace/triviaqa_tts/triviaqa-tts/audio/qwen3_aiden_seed42/pilot/sfq_2696_39a8033c7996.wav,Whose playing of the part of Enrico Bandello in the film 'Little Caesar' brought him to stardom?,5.44,0,0.08145833333333333,0.059958333333333336,
sfq_3339,success,/workspace/triviaqa_tts/triviaqa-tts/audio/qwen3_aiden_seed42/pilot/sfq_3339_9bf98e9532b7.wav,What was the stage name of Margarita Carmen Cansino a star of 1940 musicals?,5.52,0,0.096125,0.016708333333333332,
sfq_3798,success,/workspace/triviaqa_tts/triviaqa-tts/audio/qwen3_aiden_seed42/pilot/sfq_3798_fc673a03318e.wav,The John Brown Shipyard is/was on which river?,3.12,0,0.08154166666666667,0.052458333333333336,
sfq_4033,success,/workspace/triviaqa_tts/triviaqa-tts/audio/qwen3_aiden_seed42/pilot/sfq_4033_685c95fb1af5.wav,In which Cornish town is there a branch of the Tate Gallery?,3.44,0,0.0935,0.012416666666666666,
sfq_4226,success,/workspace/triviaqa_tts/triviaqa-tts/audio/qwen3_aiden_seed42/pilot/sfq_4226_a51fba475686.wav,"What name did Josiah Wedgwood give to his factory near Hanley, Staffordshire?",4.88,0,0.092,0.08633333333333333,
sfq_4245,success,/workspace/triviaqa_tts/triviaqa-tts/audio/qwen3_aiden_seed42/pilot/sfq_4245_91dbb941cc09.wav,Which religion's holy book is the Adi Granth?,2.96,0,0.09154166666666666,0.04816666666666667,
sfq_4464,success,/workspace/triviaqa_tts/triviaqa-tts/audio/qwen3_aiden_seed42/pilot/sfq_4464_6f56e632e9fc.wav,Who wrote the play She Stoops to Conquer?,2.48,0,0.08154166666666667,0.0265,
sfq_5570,success,/workspace/triviaqa_tts/triviaqa-tts/audio/qwen3_aiden_seed42/pilot/sfq_5570_611077e8fd7e.wav,What is the capital of Australia's Northern Territory?,2.72,0,0.09116666666666666,0.009,
sfq_5583,success,/workspace/triviaqa_tts/triviaqa-tts/audio/qwen3_aiden_seed42/pilot/sfq_5583_350f99b6bbe1.wav,Whose first solo UK number 1 single was I Only Have Eyes for You in September 1975?,7.28,0,0.08166666666666667,0.011833333333333333,
sfq_5662,success,/workspace/triviaqa_tts/triviaqa-tts/audio/qwen3_aiden_seed42/pilot/sfq_5662_7e8b2f7dcf49.wav,How is the Shakespeare character 'Robin Goodfellow' better known?,3.6,0,0.08154166666666667,0.033416666666666664,
sfq_5786,success,/workspace/triviaqa_tts/triviaqa-tts/audio/qwen3_aiden_seed42/pilot/sfq_5786_23f559f46196.wav,'Travellers Joy' and 'Old Man's Beard' are alternative names for which plant?,4.96,0,0.08158333333333333,0.03825,
sfq_6224,success,/workspace/triviaqa_tts/triviaqa-tts/audio/qwen3_aiden_seed42/pilot/sfq_6224_6293f05defdf.wav,With which instrument do you associate British jazz musician Stan Tracey?,4.32,0,0.089125,0.014166666666666666,
sfq_6512,success,/workspace/triviaqa_tts/triviaqa-tts/audio/qwen3_aiden_seed42/pilot/sfq_6512_df99b2a5b011.wav,Three-quarters of the world's breeding population of one seabird are concentrated around the British Isles - which species?,6.96,0,0.08158333333333333,0.051958333333333336,
sfq_7154,success,/workspace/triviaqa_tts/triviaqa-tts/audio/qwen3_aiden_seed42/pilot/sfq_7154_b1e596c33f5c.wav,Which foreign car manufacture has a rams head on its badge?,3.44,0,0.094625,0.023375,
sfq_7287,success,/workspace/triviaqa_tts/triviaqa-tts/audio/qwen3_aiden_seed42/pilot/sfq_7287_9579075143c1.wav,"Who, in 1936, painted a portrait of Mae West in which her face is also a furnished room?",7.2,0,0.08154166666666667,0.06558333333333333,
sfq_7430,success,/workspace/triviaqa_tts/triviaqa-tts/audio/qwen3_aiden_seed42/pilot/sfq_7430_56693828ce3c.wav,What was the name of the family in the 1960s TV series `Upstairs Downstairs'?,4.56,0,0.093125,0.034291666666666665,
sfq_7632,success,/workspace/triviaqa_tts/triviaqa-tts/audio/qwen3_aiden_seed42/pilot/sfq_7632_b83e3bd69c49.wav,Nine of the ten tallest buildings in Germany are in which city?,4.08,0,0.094125,0.016,
sfq_7643,success,/workspace/triviaqa_tts/triviaqa-tts/audio/qwen3_aiden_seed42/pilot/sfq_7643_5cbcab7d3865.wav,Which river flows from northern Moscow to the Caspian Sea?,3.44,0,0.08820833333333333,0.068625,
sfq_7938,success,/workspace/triviaqa_tts/triviaqa-tts/audio/qwen3_aiden_seed42/pilot/sfq_7938_009096a9a8d5.wav,"Other than a film soundtrack, which pop album has spent most weeks in the UK Album Charts in total?",5.6,0,0.08241666666666667,0.07895833333333334,
sfq_8057,success,/workspace/triviaqa_tts/triviaqa-tts/audio/qwen3_aiden_seed42/pilot/sfq_8057_df7ba9069729.wav,In which field of the arts is Terry O'Neill a leading name?,3.76,0,0.0935,0.089625,
sfq_8649,success,/workspace/triviaqa_tts/triviaqa-tts/audio/qwen3_aiden_seed42/pilot/sfq_8649_a70229c84a90.wav,The Glen Frey song Danger Zone is used in which film?,3.6,0,0.087,0.06633333333333333,
sfq_8671,success,/workspace/triviaqa_tts/triviaqa-tts/audio/qwen3_aiden_seed42/pilot/sfq_8671_d0506a6266d0.wav,"According to Greek myth, who built the labyrinth on Crete for King Minos?",4.72,0,0.08458333333333333,0.01725,
sfq_8726,success,/workspace/triviaqa_tts/triviaqa-tts/audio/qwen3_aiden_seed42/pilot/sfq_8726_b97d1a5866ed.wav,"What name is given to the bridge design, such as Tower Bridge, with a divided lifting roadway?",5.6,0,0.09208333333333334,0.049,
sfq_8796,success,/workspace/triviaqa_tts/triviaqa-tts/audio/qwen3_aiden_seed42/pilot/sfq_8796_0c8d54265ebb.wav,In music how many crotchets make up a semibreve?,2.64,0,0.089,0.01225,
sfq_8877,success,/workspace/triviaqa_tts/triviaqa-tts/audio/qwen3_aiden_seed42/pilot/sfq_8877_907d0a2e5b4d.wav,What was the name of the American Presidential retreat before it was called Camp David?,4.4,0,0.09275,0.04858333333333333,
sfq_8887,success,/workspace/triviaqa_tts/triviaqa-tts/audio/qwen3_aiden_seed42/pilot/sfq_8887_cace4eddc9f9.wav,Give any year in the life of the painter Raphael.,2.96,0,0.08233333333333333,0.08479166666666667,
sfq_9136,success,/workspace/triviaqa_tts/triviaqa-tts/audio/qwen3_aiden_seed42/pilot/sfq_9136_5bac1e235d2e.wav,"What two word name connects of all of the following: a brand of scotch whisky, Radio 2 DJ and a statue at the Pier Head, Liverpool?",10.24,0,0.08883333333333333,0.06825,
sfq_9311,success,/workspace/triviaqa_tts/triviaqa-tts/audio/qwen3_aiden_seed42/pilot/sfq_9311_e5259eaca98e.wav,In cricket what is the term used for a ball bowled as an off break but designed to make the batsman think it's a leg break?,7.12,0,0.08916666666666667,0.035541666666666666,
sfq_9449,success,/workspace/triviaqa_tts/triviaqa-tts/audio/qwen3_aiden_seed42/pilot/sfq_9449_2042a339be09.wav,"Name either of the tennis players who, in 2010, contested the longest ever professional match at Wimbledon,",6.4,0,0.09333333333333334,0.014958333333333334,
sfq_9669,success,/workspace/triviaqa_tts/triviaqa-tts/audio/qwen3_aiden_seed42/pilot/sfq_9669_a4f6ee054ade.wav,Who was the son of Edward III and father of Henry IV?,3.44,0,0.08095833333333333,0.071125,
sfq_9678,success,/workspace/triviaqa_tts/triviaqa-tts/audio/qwen3_aiden_seed42/pilot/sfq_9678_1e2ddda04fd1.wav,The willow tree belongs to which genus?,2.16,0,0.08145833333333333,0.0455,
sfq_9942,success,/workspace/triviaqa_tts/triviaqa-tts/audio/qwen3_aiden_seed42/pilot/sfq_9942_09d072b1e574.wav,Hawley Harvey were the first names of which criminal?,2.88,0,0.08145833333333333,0.078375,
sfq_10109,success,/workspace/triviaqa_tts/triviaqa-tts/audio/qwen3_aiden_seed42/pilot/sfq_10109_e806163c6566.wav,How many balls are used in bar billiards?,2.72,0,0.08229166666666667,0.03325,
sfq_10143,success,/workspace/triviaqa_tts/triviaqa-tts/audio/qwen3_aiden_seed42/pilot/sfq_10143_b3d7168e776d.wav,Who was British Prime Minister when Abraham Lincoln delivered the Gettysburg Address in 1863?,5.52,0,0.08154166666666667,0.031208333333333334,
sfq_10172,success,/workspace/triviaqa_tts/triviaqa-tts/audio/qwen3_aiden_seed42/pilot/sfq_10172_6e925fa99fc0.wav,Who was the first British golfer to win the US Masters?,2.88,0,0.08095833333333333,0.051958333333333336,
sfq_10214,success,/workspace/triviaqa_tts/triviaqa-tts/audio/qwen3_aiden_seed42/pilot/sfq_10214_a1b1aaa4e7fe.wav,Ray Harryhausen is famous in the world of cinema for what?,3.36,0,0.087625,0.065375,
sfq_10454,success,/workspace/triviaqa_tts/triviaqa-tts/audio/qwen3_aiden_seed42/pilot/sfq_10454_f7f21b7c3215.wav,"When was the first stamp, the Penny Black, issued in Britain?",4.32,0,0.08275,0.06816666666666667,
sfq_10524,success,/workspace/triviaqa_tts/triviaqa-tts/audio/qwen3_aiden_seed42/pilot/sfq_10524_cb8020b69882.wav,"""From which Shakespeare play does the line """"A plague on both your houses"""" come?""",4.72,0,0.08154166666666667,0.030041666666666668,
sfq_10682,success,/workspace/triviaqa_tts/triviaqa-tts/audio/qwen3_aiden_seed42/pilot/sfq_10682_f0553b109913.wav,What consumer electronics product shares its name with the common name of the fruit Rubus Fructicosis?,6.64,0,0.09208333333333334,0.034333333333333334,
sfq_10687,success,/workspace/triviaqa_tts/triviaqa-tts/audio/qwen3_aiden_seed42/pilot/sfq_10687_4f927e8ff2b6.wav,"On average, a Big Mac contains 178 of what ingredient?",5.12,0,0.09833333333333333,0.026708333333333334,
sfq_10806,success,/workspace/triviaqa_tts/triviaqa-tts/audio/qwen3_aiden_seed42/pilot/sfq_10806_4609d2339cb4.wav,The state of a plant grown in the dark with yellow leaves and long thin stems is known as what?,5.68,0,0.092,0.06525,
sfq_10822,success,/workspace/triviaqa_tts/triviaqa-tts/audio/qwen3_aiden_seed42/pilot/sfq_10822_54169d1ad756.wav,"'The Castle of Otranto' often called the first gothic novel, was written in 1764 by whom?",7.04,0,0.09175,0.051625,
sfq_10968,success,/workspace/triviaqa_tts/triviaqa-tts/audio/qwen3_aiden_seed42/pilot/sfq_10968_e30d30e097f7.wav,Which British athlete won the gold medal in the Women's Javelin at the 1984 Olympic Games?,5.28,0,0.08879166666666667,0.04541666666666667,
sfq_11335,success,/workspace/triviaqa_tts/triviaqa-tts/audio/qwen3_aiden_seed42/pilot/sfq_11335_6f3da4e21312.wav,What is the name of the town in which the Meerkats live in the adverts for comparethemarket.com?,6.24,0,0.09125,0.055625,
sfq_11507,success,/workspace/triviaqa_tts/triviaqa-tts/audio/qwen3_aiden_seed42/pilot/sfq_11507_aff01ce55e1f.wav,In what country is Romansch an official language?,2.8,0,0.09475,0.065375,
sfq_11598,success,/workspace/triviaqa_tts/triviaqa-tts/audio/qwen3_aiden_seed42/pilot/sfq_11598_3f255cc059ad.wav,Which capital city of the Americas lies furthest west?,4.08,0,0.097875,0.07508333333333334,
sfq_11824,success,/workspace/triviaqa_tts/triviaqa-tts/audio/qwen3_aiden_seed42/pilot/sfq_11824_55e3006a015d.wav,"Common, Arctic and Sooty are all varieties of which bird?",4.24,0,0.0945,0.04675,
sfq_11920,success,/workspace/triviaqa_tts/triviaqa-tts/audio/qwen3_aiden_seed42/pilot/sfq_11920_72ffb6ed3d02.wav,Which city is known as the 'Pearl of the Danube'?,2.8,0,0.097875,0.016875,
sfq_12053,success,/workspace/triviaqa_tts/triviaqa-tts/audio/qwen3_aiden_seed42/pilot/sfq_12053_a57198f9250e.wav,Which English king stole The Stone of Scone from Scone Palace?,4.32,0,0.08283333333333333,0.005833333333333334,
sfq_12060,success,/workspace/triviaqa_tts/triviaqa-tts/audio/qwen3_aiden_seed42/pilot/sfq_12060_395335444f09.wav,"Name the private gardens adjoining Windsor Castle which housed the Royal Mausoleum, the burial place of Queen Victoria and Prince Albert?",8.24,0,0.09079166666666667,0.04608333333333333,
sfq_12491,success,/workspace/triviaqa_tts/triviaqa-tts/audio/qwen3_aiden_seed42/pilot/sfq_12491_edf8508727b6.wav,What product is obtained from the tree Hevea Braziliensis' (amongst others)?,3.2,0,0.08658333333333333,0.06970833333333333,
sfq_12546,success,/workspace/triviaqa_tts/triviaqa-tts/audio/qwen3_aiden_seed42/pilot/sfq_12546_2909b743889d.wav,What name is given to a figure of speech by means of which contradictory terms are combined?,5.52,0,0.09208333333333334,0.042916666666666665,
sfq_12585,success,/workspace/triviaqa_tts/triviaqa-tts/audio/qwen3_aiden_seed42/pilot/sfq_12585_94a004da7ef3.wav,Holy Roman Emperor Charles VI created which principality in 1719?,4.96,0,0.08329166666666667,0.012333333333333333,
sfq_13117,success,/workspace/triviaqa_tts/triviaqa-tts/audio/qwen3_aiden_seed42/pilot/sfq_13117_b737db951c27.wav,Who is the present Prime Minister of the Irish Republic?,2.48,0,0.08095833333333333,0.05445833333333333,
sfq_13197,success,/workspace/triviaqa_tts/triviaqa-tts/audio/qwen3_aiden_seed42/pilot/sfq_13197_ecf1eba0bd43.wav,In advertising what is said to refresh the parts others fail to reach?,3.68,0,0.087625,0.028583333333333332,
sfq_14097,success,/workspace/triviaqa_tts/triviaqa-tts/audio/qwen3_aiden_seed42/pilot/sfq_14097_df6062d57329.wav,The Drover's Arms featured in which 1970s and 80s BBC TV series?,5.52,0,0.08320833333333333,0.009375,
sfq_14431,success,/workspace/triviaqa_tts/triviaqa-tts/audio/qwen3_aiden_seed42/pilot/sfq_14431_e5e6032e1ffb.wav,Which British island was known to the Romans as Mona?,3.2,0,0.08875,0.044583333333333336,
sfq_14550,success,/workspace/triviaqa_tts/triviaqa-tts/audio/qwen3_aiden_seed42/pilot/sfq_14550_251cc6363e8f.wav,Who wrote the Mott The Hoople hit 'All The Young Dudes'?,2.48,0,0.08158333333333333,0.04883333333333333,
sfq_14789,success,/workspace/triviaqa_tts/triviaqa-tts/audio/qwen3_aiden_seed42/pilot/sfq_14789_5a238af1667c.wav,Who is the Queen's eldest grandchild?,2.24,0,0.08154166666666667,0.028166666666666666,
sfq_14817,success,/workspace/triviaqa_tts/triviaqa-tts/audio/qwen3_aiden_seed42/pilot/sfq_14817_e2c0af1dbbb0.wav,Who was the original base player with The Shadows?,2.32,0,0.08095833333333333,0.004583333333333333,
sfq_14898,success,/workspace/triviaqa_tts/triviaqa-tts/audio/qwen3_aiden_seed42/pilot/sfq_14898_c237a64ef50f.wav,"What is the title of Tony Blair's autobiography/memoir published in 2010, which covered events from 1994 to his resignation as Prime Minister?",9.12,0,0.09183333333333334,0.033291666666666664,
sfq_14968,success,/workspace/triviaqa_tts/triviaqa-tts/audio/qwen3_aiden_seed42/pilot/sfq_14968_7748adf968b4.wav,"In 1825 which canal was opened, cutting travel time from New York City to the Great Lakes?",6.08,0,0.08883333333333333,0.083375,
sfq_15026,success,/workspace/triviaqa_tts/triviaqa-tts/audio/qwen3_aiden_seed42/pilot/sfq_15026_9e886d4f20ac.wav,"Which children's fictional character lives at 32, Windsor Gardens, London?",4.96,0,0.08866666666666667,0.06591666666666667,
sfq_15549,success,/workspace/triviaqa_tts/triviaqa-tts/audio/qwen3_aiden_seed42/pilot/sfq_15549_1217c8326e6e.wav,What was introduced by the Volstead Act?,2.08,0,0.09483333333333334,0.035041666666666665,
sfq_15588,success,/workspace/triviaqa_tts/triviaqa-tts/audio/qwen3_aiden_seed42/pilot/sfq_15588_c0ea2029d695.wav,During the Falklands War which ship was the British flagship?,3.76,0,0.08416666666666667,0.09279166666666666,
sfq_15616,success,/workspace/triviaqa_tts/triviaqa-tts/audio/qwen3_aiden_seed42/pilot/sfq_15616_00f8a235e745.wav,For which county did W G Grace play cricket for most of his career?,4.08,0,0.08154166666666667,0.08904166666666667,
sfq_15660,success,/workspace/triviaqa_tts/triviaqa-tts/audio/qwen3_aiden_seed42/pilot/sfq_15660_f0c3ea0351d0.wav,"""In which year was the radio serial """"The Archers"""" first broadcast nationally?""",4.48,0,0.09358333333333334,0.026333333333333334,
sfq_15917,success,/workspace/triviaqa_tts/triviaqa-tts/audio/qwen3_aiden_seed42/pilot/sfq_15917_0f5b5a7461e5.wav,Which island nation lost a day in Dec. 2011 by moving the International Date Line to their east?,5.92,0,0.08395833333333333,0.029916666666666668,
sfq_16202,success,/workspace/triviaqa_tts/triviaqa-tts/audio/qwen3_aiden_seed42/pilot/sfq_16202_4b0d2bdac124.wav,Which optical toy was first patented in 1817 by David Brewster?,4.8,0,0.09154166666666666,0.060125,
sfq_16522,success,/workspace/triviaqa_tts/triviaqa-tts/audio/qwen3_aiden_seed42/pilot/sfq_16522_a35e317e82c7.wav,Which artist painted 'Monarch of the Glen'?,2.32,0,0.0925,0.06845833333333333,
sfq_16640,success,/workspace/triviaqa_tts/triviaqa-tts/audio/qwen3_aiden_seed42/pilot/sfq_16640_15378967fd6d.wav,What type of exhibit can be seen in the military museum at Bovington in Dorset?,4.16,0,0.095875,0.045,
sfq_16651,success,/workspace/triviaqa_tts/triviaqa-tts/audio/qwen3_aiden_seed42/pilot/sfq_16651_355fa0b8b336.wav,Which Gilbert and Sullivan opera has the alternate title 'Bunthome's Bride'?,4.24,0,0.081625,0.026625,
sfq_17020,success,/workspace/triviaqa_tts/triviaqa-tts/audio/qwen3_aiden_seed42/pilot/sfq_17020_928c7e93f33f.wav,In which Asian city is the 830 metres high Burj Khalifa?,3.84,0,0.0935,0.06791666666666667,
sfq_17697,success,/workspace/triviaqa_tts/triviaqa-tts/audio/qwen3_aiden_seed42/pilot/sfq_17697_6c42740486da.wav,What general term is used to describe any experiment not carried out in a living body?,4.8,0,0.08445833333333333,0.031875,
sfq_17706,success,/workspace/triviaqa_tts/triviaqa-tts/audio/qwen3_aiden_seed42/pilot/sfq_17706_ea74a7f87a51.wav,Ursus arctos horribilis is the scientific name of which animal?,4.08,0,0.097375,0.08233333333333333,
sfq_17841,success,/workspace/triviaqa_tts/triviaqa-tts/audio/qwen3_aiden_seed42/pilot/sfq_17841_6eaada67c239.wav,"In Imperial measurement, how many pounds are there in a hundredweight?",3.52,0,0.09529166666666666,0.011833333333333333,
sfq_18225,success,/workspace/triviaqa_tts/triviaqa-tts/audio/qwen3_aiden_seed42/pilot/sfq_18225_0bf119a5055f.wav,Published in 2013 who wrote the novel 'The Kill List'?,4.4,0,0.08166666666666667,0.08791666666666667,
sfq_18732,success,/workspace/triviaqa_tts/triviaqa-tts/audio/qwen3_aiden_seed42/pilot/sfq_18732_5425309c9937.wav,"Which town stands on the River Aare, between the lakes of Brienz and Thun?",4.8,0,0.09029166666666667,0.051708333333333335,
sfq_18968,success,/workspace/triviaqa_tts/triviaqa-tts/audio/qwen3_aiden_seed42/pilot/sfq_18968_083d12d3c544.wav,Which European country has Switzerland to the west Austria to the east?,3.92,0,0.09066666666666667,0.0017916666666666667,
sfq_19297,success,/workspace/triviaqa_tts/triviaqa-tts/audio/qwen3_aiden_seed42/pilot/sfq_19297_43797600752c.wav,Which Formula One racetrack is in the Ardennes?,2.72,0,0.094625,0.034625,
sfq_19559,success,/workspace/triviaqa_tts/triviaqa-tts/audio/qwen3_aiden_seed42/pilot/sfq_19559_7e4e998d2871.wav,What was the Christian name of the wife of composer Robert Schumann?,3.44,0,0.09358333333333334,0.07291666666666667,
sfq_19747,success,/workspace/triviaqa_tts/triviaqa-tts/audio/qwen3_aiden_seed42/pilot/sfq_19747_427512c82726.wav,Which cup did Emirates Team New Zealand win this summer which allowed them to challenge Oracle Team USA for the America's Cup?,7.12,0,0.097875,0.07829166666666666,
sfq_19972,success,/workspace/triviaqa_tts/triviaqa-tts/audio/qwen3_aiden_seed42/pilot/sfq_19972_a5acaf6a7768.wav,Which St Helens born ex Rugby League player died recently after a seven year battle with cancer during which he raised thousands of pounds for charity?,9.6,0,0.09533333333333334,0.06175,
sfq_20015,success,/workspace/triviaqa_tts/triviaqa-tts/audio/qwen3_aiden_seed42/pilot/sfq_20015_3753066614f9.wav,In the Old Testament of the Bible who was the father of David?,2.88,0,0.0955,0.03983333333333333,
sfq_20140,success,/workspace/triviaqa_tts/triviaqa-tts/audio/qwen3_aiden_seed42/pilot/sfq_20140_408a5a135b08.wav,"At the 2014 Winter Olympic games Elise Christie of Great Britain was disqualified from all three of her events, in which sport?",8.8,0,0.09404166666666666,0.08875,
sfq_20364,success,/workspace/triviaqa_tts/triviaqa-tts/audio/qwen3_aiden_seed42/pilot/sfq_20364_f85a0268a8ef.wav,Which American state has been nicknamed the Equality State because in 1869 it granted voting rights to women as well as men?,8.56,0,0.08591666666666667,0.044083333333333335,
sfq_20392,success,/workspace/triviaqa_tts/triviaqa-tts/audio/qwen3_aiden_seed42/pilot/sfq_20392_a60bdd304379.wav,"In 1705, who was the first scientist to be knighted?",4.4,0,0.08158333333333333,0.086,
sfq_20405,success,/workspace/triviaqa_tts/triviaqa-tts/audio/qwen3_aiden_seed42/pilot/sfq_20405_14e0b8c446c3.wav,Which group recorded the 90s albums 'Nevermind' and 'In Utero'?,4.08,0,0.08820833333333333,0.00825,
sfq_20452,success,/workspace/triviaqa_tts/triviaqa-tts/audio/qwen3_aiden_seed42/pilot/sfq_20452_1546a28efd1b.wav,Prior to Viginia Wade in 1977 who was the last British player to win a tennis Grand Slam title?,6.8,0,0.08145833333333333,0.038125,
sfq_20563,success,/workspace/triviaqa_tts/triviaqa-tts/audio/qwen3_aiden_seed42/pilot/sfq_20563_d249cf328fd9.wav,What was the title of the musical based on the TV programme 'X Factor?,4.08,0,0.09275,0.07179166666666667,
sfq_21013,success,/workspace/triviaqa_tts/triviaqa-tts/audio/qwen3_aiden_seed42/pilot/sfq_21013_f134f99927b8.wav,In which town did the Co-operative Movement begin?,2.64,0,0.0935,0.015333333333333332,
sfq_21220,success,/workspace/triviaqa_tts/triviaqa-tts/audio/qwen3_aiden_seed42/pilot/sfq_21220_32ec8d979924.wav,"Which organisation was founded in Ontario, Canada in 1897 by Adelaide Hoodless?",6.72,0,0.09154166666666666,0.0007916666666666666,
sfq_21495,success,/workspace/triviaqa_tts/triviaqa-tts/audio/qwen3_aiden_seed42/pilot/sfq_21495_0056e3afe1ce.wav,"In the Harry Potter books there are 4 houses at Hogwarts School. Three of them are Gryffendor, Ravenclaw and Slytherin. Name the fourth.",8.56,0,0.09,0.05366666666666667,
sfq_21744,success,/workspace/triviaqa_tts/triviaqa-tts/audio/qwen3_aiden_seed42/pilot/sfq_21744_19f757dbde19.wav,The opera Gloriana is by which English composer?,3.04,0,0.08416666666666667,0.04795833333333333,
sfq_21761,success,/workspace/triviaqa_tts/triviaqa-tts/audio/qwen3_aiden_seed42/pilot/sfq_21761_3d4532831efc.wav,The Carnegie family fortune was built around Andrew Carnegie’s success in manufacture in which industry?,5.84,0,0.08379166666666667,0.07745833333333334,
sfq_22123,success,/workspace/triviaqa_tts/triviaqa-tts/audio/qwen3_aiden_seed42/pilot/sfq_22123_dc7a6ffca87d.wav,Which handheld electronic toy had to be treated as a pet?,3.2,0,0.096875,0.015458333333333333,
sfq_22132,success,/workspace/triviaqa_tts/triviaqa-tts/audio/qwen3_aiden_seed42/pilot/sfq_22132_38d47348926c.wav,Which US Naval Shipyard shares its name with an English county?,3.36,0,0.09066666666666667,0.06408333333333334,
sfq_22245,success,/workspace/triviaqa_tts/triviaqa-tts/audio/qwen3_aiden_seed42/pilot/sfq_22245_caf0e8ab8ce3.wav,The name of which chemical element takes its name from the Greek for light-bringing?,4.64,0,0.08154166666666667,0.04491666666666667,
sfq_22250,success,/workspace/triviaqa_tts/triviaqa-tts/audio/qwen3_aiden_seed42/pilot/sfq_22250_f05dd302e830.wav,Which American singer's music publishing company was called Gladys Music?,5.6,0,0.09445833333333334,0.02125,
sfq_22280,success,/workspace/triviaqa_tts/triviaqa-tts/audio/qwen3_aiden_seed42/pilot/sfq_22280_ea5951467523.wav,In which Jane Austen novel is Frederick Wentworth the lover of Anne Elliot?,4.64,0,0.08920833333333333,0.017416666666666667,
sfq_22585,success,/workspace/triviaqa_tts/triviaqa-tts/audio/qwen3_aiden_seed42/pilot/sfq_22585_2e0de8f89bb5.wav,The name Shqiperia appears on the postage stamps of which country?,4.0,0,0.08754166666666667,0.06658333333333333,
sfq_22986,success,/workspace/triviaqa_tts/triviaqa-tts/audio/qwen3_aiden_seed42/pilot/sfq_22986_23e5fa299840.wav,Where on the body would a Hindu woman wear a bindi?,3.2,0,0.100125,0.077875,
sfq_23199,success,/workspace/triviaqa_tts/triviaqa-tts/audio/qwen3_aiden_seed42/pilot/sfq_23199_6fb6fd3e8ad2.wav,"Which mountain range stretches for 1500 miles and has Mount Mitchell at 6,684 feet as its highest point?",9.52,0,0.087875,0.02666666666666667,
sfq_23288,success,/workspace/triviaqa_tts/triviaqa-tts/audio/qwen3_aiden_seed42/pilot/sfq_23288_02f3043cb61d.wav,In which Canadian province or state is Cape Race?,2.96,0,0.08875,0.049125,
sfq_23371,success,/workspace/triviaqa_tts/triviaqa-tts/audio/qwen3_aiden_seed42/pilot/sfq_23371_aae7c07f9309.wav,In which English county is Lake Rudyard?,2.4,0,0.08154166666666667,0.04808333333333333,
sfq_23533,success,/workspace/triviaqa_tts/triviaqa-tts/audio/qwen3_aiden_seed42/pilot/sfq_23533_29fc36a8c801.wav,Which vegetable has the Latin name alium cepa?,3.28,0,0.09325,0.045375,
sfq_23587,success,/workspace/triviaqa_tts/triviaqa-tts/audio/qwen3_aiden_seed42/pilot/sfq_23587_a2695ef24c5c.wav,"Excluding the star balls, how many balls are used in the Euro Millions Lottery?",4.88,0,0.09345833333333334,0.042583333333333334,
sfq_24290,success,/workspace/triviaqa_tts/triviaqa-tts/audio/qwen3_aiden_seed42/pilot/sfq_24290_c01d3f31b034.wav,Who played Bond villain Scaramanga in The Man with the Golden Gun?,3.76,0,0.08154166666666667,0.02975,
sfq_24417,success,/workspace/triviaqa_tts/triviaqa-tts/audio/qwen3_aiden_seed42/pilot/sfq_24417_3ad64389273f.wav,Oswald Cobblepot is a devious crime-boss who is seldom seen without one of his trick-umbrellas. How is this Batman villain better known?,8.0,0,0.09225,0.07395833333333333,
sfq_24575,success,/workspace/triviaqa_tts/triviaqa-tts/audio/qwen3_aiden_seed42/pilot/sfq_24575_9763043266ee.wav,"Kodkod, margay, oncilla and caracal are all types of what?",3.76,0,0.0945,0.023208333333333334,
sfq_24848,success,/workspace/triviaqa_tts/triviaqa-tts/audio/qwen3_aiden_seed42/pilot/sfq_24848_c0f5c0d03c74.wav,H'Angus the Monkey is the mascot of which English football club?,3.44,0,0.08145833333333333,0.06758333333333333,
sfq_24917,success,/workspace/triviaqa_tts/triviaqa-tts/audio/qwen3_aiden_seed42/pilot/sfq_24917_13a110e98dc3.wav,"""Which composer wrote the musical for the 18th-century opera, """"Idomeneo""""?""",4.8,0,0.09325,0.048791666666666664,
sfq_25250,success,/workspace/triviaqa_tts/triviaqa-tts/audio/qwen3_aiden_seed42/pilot/sfq_25250_0c480b90b57f.wav,"In art, what term is given to the technique where paint is mixed and bound with egg yolk?",5.52,0,0.08945833333333333,0.042958333333333334,
sfq_25375,success,/workspace/triviaqa_tts/triviaqa-tts/audio/qwen3_aiden_seed42/pilot/sfq_25375_54b478bdbccc.wav,Of what does the usual base of a Florentine biscuit consist?,3.36,0,0.094,0.09045833333333334,
sfq_25458,success,/workspace/triviaqa_tts/triviaqa-tts/audio/qwen3_aiden_seed42/pilot/sfq_25458_b51d0e052d58.wav,Estelle Parsons won a best supporting actress Oscar for her role in which 1967 film?,6.72,0,0.08829166666666667,0.01875,
sfq_25628,success,/workspace/triviaqa_tts/triviaqa-tts/audio/qwen3_aiden_seed42/pilot/sfq_25628_95b3078ade18.wav,"Which Italian sauce for pasta contains tomato, black olives, capers, anchovies and red peppers? The name translates as 'whore’s style'?",10.64,0,0.08591666666666667,0.055125,
sfq_26114,success,/workspace/triviaqa_tts/triviaqa-tts/audio/qwen3_aiden_seed42/pilot/sfq_26114_55c368c1c3fe.wav,Who composed the 1965 choral work Chichester Psalms?,4.16,0,0.08154166666666667,0.07529166666666667,
sfq_26155,success,/workspace/triviaqa_tts/triviaqa-tts/audio/qwen3_aiden_seed42/pilot/sfq_26155_5a6b61cec31f.wav,Which group released their third studio album X+Y in 2005?,5.68,0,0.08820833333333333,0.06616666666666667,
tb_29,success,/workspace/triviaqa_tts/triviaqa-tts/audio/qwen3_aiden_seed42/pilot/tb_29_1c99d9f4976d.wav,"A tourist attraction near Alliance, Nebraska created by Jim Reinders using vintage cars is styled after what monument?",8.24,0,0.08933333333333333,0.04670833333333333,
tb_81,success,/workspace/triviaqa_tts/triviaqa-tts/audio/qwen3_aiden_seed42/pilot/tb_81_9b1c9a26d180.wav,"In legend, the Seal of Solomon possessed by King Solomon gave him the power to command demons and to do what else?",6.72,0,0.09366666666666666,0.059375,
tb_294,success,/workspace/triviaqa_tts/triviaqa-tts/audio/qwen3_aiden_seed42/pilot/tb_294_74f0c8821109.wav,What type of 'helpful' businesses operate on the basis of the Rochdale Principles that were formulated in 1844?,7.36,0,0.09125,0.066375,
tb_343,success,/workspace/triviaqa_tts/triviaqa-tts/audio/qwen3_aiden_seed42/pilot/tb_343_a872fe6430e0.wav,The American journalist Ida Tarbell is known for her expose of the corrupt practices of which giant company? John D. Rockefeller probably hated her!,9.28,0,0.089375,0.030166666666666668,
tb_550,success,/workspace/triviaqa_tts/triviaqa-tts/audio/qwen3_aiden_seed42/pilot/tb_550_e45c74662f4f.wav,"Mammy Two Shoes, a recurring character in MGM's Tom and Jerry cartoons was inspired by which African-American actress and singer?",8.4,0,0.09820833333333333,0.086625,
tb_752,success,/workspace/triviaqa_tts/triviaqa-tts/audio/qwen3_aiden_seed42/pilot/tb_752_75321bc31de9.wav,"In 1988, to reflect the modern family, what change was made to Nestlé's famous birds logo that showed a mother and three fledglings?",8.56,0,0.08820833333333333,0.06579166666666666,
tb_889,success,/workspace/triviaqa_tts/triviaqa-tts/audio/qwen3_aiden_seed42/pilot/tb_889_8be8b45758ff.wav,The organization Medecins Sans Frontieres (Doctors without Borders) was created in 1971 as an aftermath of what humanitarian crisis in Africa?,8.16,0,0.08558333333333333,0.07775,
tb_1215,success,/workspace/triviaqa_tts/triviaqa-tts/audio/qwen3_aiden_seed42/pilot/tb_1215_ed4fcb9e1ffd.wav,"In an oft-repeated but untrue story, in a 1971 conversation with Nixon, Zhou Enlai reportedly said that the effects of what historic event were too early to judge?",12.0,0,0.088625,0.035875,
tb_1227,success,/workspace/triviaqa_tts/triviaqa-tts/audio/qwen3_aiden_seed42/pilot/tb_1227_a88cc17f9e9e.wav,Which world leader who had his heyday in the early 1980s had his bust carved on a hillside in his country's Benguet province and which was subsequently destroyed in the 2000s?,11.28,0,0.09808333333333333,0.02825,
tb_1398,success,/workspace/triviaqa_tts/triviaqa-tts/audio/qwen3_aiden_seed42/pilot/tb_1398_5307647a9455.wav,"After a short war with Norway during the Napoleonic wars of 1814, what country remained uninvolved in any conflict ever since and is now the oldest neutral country in the world?",12.8,0,0.089875,0.046375,
tb_2018,success,/workspace/triviaqa_tts/triviaqa-tts/audio/qwen3_aiden_seed42/pilot/tb_2018_7e0e65e59711.wav,What is the more common name for the order Coleoptera which contains more species than any other order in the animal kingdom?,7.84,0,0.09125,0.043625,
tb_2196,success,/workspace/triviaqa_tts/triviaqa-tts/audio/qwen3_aiden_seed42/pilot/tb_2196_a6500d249b85.wav,"""Jared Kass, one of the inventors of a recreational sport described it as follows. Fill in the missing word which is also the name of the sport. """"I just remember one time running for a pass and leaping up in the air and just feeling the Frisbee making it into my hand and feeling the perfect synchrony and the joy of the moment, and as I landed I said to myself, 'This is the ... game. This is the ... game.'""""""",26.0,0,0.08145833333333333,0.06516666666666666,
tb_2199,success,/workspace/triviaqa_tts/triviaqa-tts/audio/qwen3_aiden_seed42/pilot/tb_2199_b3eeae9c16e2.wav,"""Sportscaster Jack Brickhouse who once said """"Any team can have a bad century"""" provided play-by-play coverage of what American major league team's games from 1948 to 1981?""",14.08,0,0.0815,0.067375,
tb_2207,success,/workspace/triviaqa_tts/triviaqa-tts/audio/qwen3_aiden_seed42/pilot/tb_2207_fbd17f2b88d2.wav,"""Addressing which in-the-news person did a pizza chain in India tweet on June 24, 2014 """"..., if you ever feel like biting into a tastier Italian, try our famous Calabrese pizza""""?""",12.4,0,0.09575,0.06166666666666667,
odql_736,success,/workspace/triviaqa_tts/triviaqa-tts/audio/qwen3_aiden_seed42/pilot/odql_736_23e63e140301.wav,Who is currently fifth in line to the Throne?,2.4,0,0.08095833333333333,0.01925,
odql_738,success,/workspace/triviaqa_tts/triviaqa-tts/audio/qwen3_aiden_seed42/pilot/odql_738_62c551aab396.wav,"Who was the first winner of 'I'm A Celebrity, Get Me Out Of Here'?",3.68,0,0.08141666666666666,0.03254166666666667,
odql_1043,success,/workspace/triviaqa_tts/triviaqa-tts/audio/qwen3_aiden_seed42/pilot/odql_1043_bcdc4bb9cef9.wav,What was the middle name of the character 'Albert Steptoe' from the t.v. series 'Steptoe and Son'?,5.28,0,0.09270833333333334,0.022,
odql_1641,success,/workspace/triviaqa_tts/triviaqa-tts/audio/qwen3_aiden_seed42/pilot/odql_1641_65de55ee2dfd.wav,What name is given to the open carts used during the French Revolution to transport the condemned to the guillotine?,6.48,0,0.09208333333333334,0.06433333333333334,
odql_1774,success,/workspace/triviaqa_tts/triviaqa-tts/audio/qwen3_aiden_seed42/pilot/odql_1774_86d0aae6692d.wav,Whose horse was called Incitatus?,2.16,0,0.08158333333333333,0.074625,
odql_1791,success,/workspace/triviaqa_tts/triviaqa-tts/audio/qwen3_aiden_seed42/pilot/odql_1791_c110a7f95f20.wav,Which saint was known as “The Apostle of the Indies”?,2.88,0,0.09708333333333333,0.051875,
odql_1928,success,/workspace/triviaqa_tts/triviaqa-tts/audio/qwen3_aiden_seed42/pilot/odql_1928_9798ddbdc572.wav,"""What is the English translation of the Italian word """"paparazzi""""?""",3.68,0,0.09341666666666666,0.011916666666666667,
odql_2203,success,/workspace/triviaqa_tts/triviaqa-tts/audio/qwen3_aiden_seed42/pilot/odql_2203_042be4c5c84a.wav,Who was appointed as the first High Representative for Foreign Affairs and Security Policy of the European Union in 2009?,7.28,0,0.08095833333333333,0.05466666666666667,
odql_2293,success,/workspace/triviaqa_tts/triviaqa-tts/audio/qwen3_aiden_seed42/pilot/odql_2293_b56e6c6a386b.wav,"Which detective, played on TV by Martin Shaw, was created by Alan Hunter?",4.8,0,0.089875,0.049666666666666665,
odql_2332,success,/workspace/triviaqa_tts/triviaqa-tts/audio/qwen3_aiden_seed42/pilot/odql_2332_53ea2a02bf06.wav,Who founded the TV production company 'David Paradine Productions'?,4.16,0,0.08154166666666667,0.006541666666666667,
odql_2370,success,/workspace/triviaqa_tts/triviaqa-tts/audio/qwen3_aiden_seed42/pilot/odql_2370_7eb8ed0aa29d.wav,Which country defeated the Ivory Coast to win football's Africa Cup of Nations?,6.16,0,0.09791666666666667,0.013291666666666667,
odql_3018,success,/workspace/triviaqa_tts/triviaqa-tts/audio/qwen3_aiden_seed42/pilot/odql_3018_4d603a217801.wav,Approximately how long is a Mercury year (+ 1 day)?,2.48,0,0.091875,0.033125,
odql_4087,success,/workspace/triviaqa_tts/triviaqa-tts/audio/qwen3_aiden_seed42/pilot/odql_4087_38492ceacb38.wav,What word connects bermuda with a Scottish Racecourse?,3.2,0,0.09358333333333334,0.014708333333333334,
odql_4661,success,/workspace/triviaqa_tts/triviaqa-tts/audio/qwen3_aiden_seed42/pilot/odql_4661_005e18e84ea8.wav,Who won the 'Oscar' for Best Actress in the 1950's film'Born Yesterday'?,4.24,0,0.08095833333333333,0.0555,
odql_5186,success,/workspace/triviaqa_tts/triviaqa-tts/audio/qwen3_aiden_seed42/pilot/odql_5186_a075260366e2.wav,Which motorway runs from Cambridge to London?,2.88,0,0.09804166666666667,0.022833333333333334,
odql_5215,success,/workspace/triviaqa_tts/triviaqa-tts/audio/qwen3_aiden_seed42/pilot/odql_5215_774a6722957a.wav,Which English brewer produces 'Spitfire' Kentish ale?,3.36,0,0.08879166666666667,0.023125,
odql_5478,success,/workspace/triviaqa_tts/triviaqa-tts/audio/qwen3_aiden_seed42/pilot/odql_5478_99514ea7dfea.wav,The painting 'Faithful Unto Death' can be found in Liverpool's Walker Art Gallery. Who painted it?,5.52,0,0.08154166666666667,0.07241666666666667,
odql_5633,success,/workspace/triviaqa_tts/triviaqa-tts/audio/qwen3_aiden_seed42/pilot/odql_5633_eb64e0888046.wav,"Which 2010 biographical film, starring Mark Wahlberg and Christian Bale, centred on the life of professional boxer 'Micky Ward' and his older half-brother 'Dicky Eklund'?",13.04,0,0.09370833333333334,0.057958333333333334,
odql_5798,success,/workspace/triviaqa_tts/triviaqa-tts/audio/qwen3_aiden_seed42/pilot/odql_5798_32314a668e29.wav,"Which type of roof is pitched at two different angles, the lower part being steeper than the upper?",6.24,0,0.086625,0.050708333333333334,
odql_6121,success,/workspace/triviaqa_tts/triviaqa-tts/audio/qwen3_aiden_seed42/pilot/odql_6121_7609193e21bc.wav,Alphabetically which is the last book of the Old Testament?,3.76,0,0.08995833333333333,0.043,
odql_6161,success,/workspace/triviaqa_tts/triviaqa-tts/audio/qwen3_aiden_seed42/pilot/odql_6161_b6e6ed78b144.wav,Which company produces the 'Fireblade' motorcycle?,2.64,0,0.09304166666666666,0.07020833333333333,
odql_6620,success,/workspace/triviaqa_tts/triviaqa-tts/audio/qwen3_aiden_seed42/pilot/odql_6620_eda2e330e9bf.wav,"In mythology, who was condemned to an eternity of rolling a stone up a hill?",5.12,0,0.093625,0.07658333333333334,
odql_6850,success,/workspace/triviaqa_tts/triviaqa-tts/audio/qwen3_aiden_seed42/pilot/odql_6850_6fda5dc156c1.wav,On which course will 'The Ebor Handicap' and 'The Knavesmire Stakes' be run in August?,5.12,0,0.097875,0.050666666666666665,
odql_7061,success,/workspace/triviaqa_tts/triviaqa-tts/audio/qwen3_aiden_seed42/pilot/odql_7061_4506651f4734.wav,Which American actor was born Spangler Arlington Brough?,3.68,0,0.094625,0.024,
odql_7808,success,/workspace/triviaqa_tts/triviaqa-tts/audio/qwen3_aiden_seed42/pilot/odql_7808_d9d7cda96752.wav,In which bay are the Belcher Islands located?,2.8,0,0.09366666666666666,0.06054166666666667,
odql_8059,success,/workspace/triviaqa_tts/triviaqa-tts/audio/qwen3_aiden_seed42/pilot/odql_8059_fd970114e16f.wav,Its capital is Valverde - which is the smallest of the Canary Islands?,3.92,0,0.08158333333333333,0.015458333333333333,
odql_8184,success,/workspace/triviaqa_tts/triviaqa-tts/audio/qwen3_aiden_seed42/pilot/odql_8184_fe4cc0e14c63.wav,What was the capital city of Tanzania until 1974?,4.16,0,0.09283333333333334,0.04829166666666666,
odql_8198,success,/workspace/triviaqa_tts/triviaqa-tts/audio/qwen3_aiden_seed42/pilot/odql_8198_77a6ec3317c1.wav,"Leslie Poles were the Christian names of which English novelist, born in 1895?",5.12,0,0.09229166666666666,0.08745833333333333,
odql_8572,success,/workspace/triviaqa_tts/triviaqa-tts/audio/qwen3_aiden_seed42/pilot/odql_8572_a841f0f1ce55.wav,Who wrote the poem 'Hawk Roosting'?,3.28,0,0.08154166666666667,0.02275,
odql_8843,success,/workspace/triviaqa_tts/triviaqa-tts/audio/qwen3_aiden_seed42/pilot/odql_8843_6dadbed4ff81.wav,What is the highest peak in the EU?,2.32,0,0.09104166666666667,0.027125,
odql_9468,success,/workspace/triviaqa_tts/triviaqa-tts/audio/qwen3_aiden_seed42/pilot/odql_9468_e92d2b04c0e1.wav,Peter Parker alias Spiderman worked for which newspaper?,3.28,0,0.09004166666666667,0.020791666666666667,
odql_9667,success,/workspace/triviaqa_tts/triviaqa-tts/audio/qwen3_aiden_seed42/pilot/odql_9667_a9d2e6f20246.wav,Who in the Muslim faith proclaims the hours of prayer from a minaret?,4.24,0,0.08154166666666667,0.05370833333333333,
odql_9934,success,/workspace/triviaqa_tts/triviaqa-tts/audio/qwen3_aiden_seed42/pilot/odql_9934_1e4db01acccd.wav,"Who was the renowned English botanist who accompanied Capt. James Cook on his first voyage in 1768 and is credited with introducing Eucalyptus, Mimosa and Acacia to Europe?",11.04,0,0.08154166666666667,0.021458333333333333,
odql_10051,success,/workspace/triviaqa_tts/triviaqa-tts/audio/qwen3_aiden_seed42/pilot/odql_10051_23b198eb7357.wav,Which car manufacturer produced models called ‘The Imp’ and ‘The Husky’?,5.84,0,0.09804166666666667,0.008916666666666666,
odql_10052,success,/workspace/triviaqa_tts/triviaqa-tts/audio/qwen3_aiden_seed42/pilot/odql_10052_b7064a9fc876.wav,"Whose autobiography is entitled “My Colourful Life, From Red to Amber”?",4.56,0,0.082375,0.043791666666666666,
odql_10070,success,/workspace/triviaqa_tts/triviaqa-tts/audio/qwen3_aiden_seed42/pilot/odql_10070_7cf67c3999ee.wav,"David Jason starred as Inspector Frost, but who played his boss Superintendent Norman Mullet?",7.04,0,0.09333333333333334,0.016791666666666667,
odql_10535,success,/workspace/triviaqa_tts/triviaqa-tts/audio/qwen3_aiden_seed42/pilot/odql_10535_b0a67e4419a3.wav,Who played 'Captain Corelli' in the film 'Captain Corelli's Mandolin'?,3.84,0,0.08154166666666667,0.06266666666666666,
odql_10852,success,/workspace/triviaqa_tts/triviaqa-tts/audio/qwen3_aiden_seed42/pilot/odql_10852_f77728232068.wav,The Wolfe Noel Cup is awarded to the winners of the woman's challenge match the USA v Great Britain at which sport?,6.72,0,0.08233333333333333,0.013875,
odql_11788,success,/workspace/triviaqa_tts/triviaqa-tts/audio/qwen3_aiden_seed42/pilot/odql_11788_19d45255de19.wav,In which country were both the 'G8' and 'G20' summits held in June 2010?,5.28,0,0.093375,0.06570833333333333,
odql_11930,success,/workspace/triviaqa_tts/triviaqa-tts/audio/qwen3_aiden_seed42/pilot/odql_11930_a7a2023d68b8.wav,"Although the Okapi has markings similar to a Zebra, it is most closely related to which other mammal?",5.84,0,0.09183333333333334,0.08858333333333333,
odql_12046,success,/workspace/triviaqa_tts/triviaqa-tts/audio/qwen3_aiden_seed42/pilot/odql_12046_8b609af17d5f.wav,What is the name of the basket used to keep bees?,3.12,0,0.0815,0.08379166666666667,
odql_12232,success,/workspace/triviaqa_tts/triviaqa-tts/audio/qwen3_aiden_seed42/pilot/odql_12232_92130058e0ee.wav,The Angostura Bridge crosses the Orinoco River in which country?,4.88,0,0.08591666666666667,0.06441666666666666,
odql_12335,success,/workspace/triviaqa_tts/triviaqa-tts/audio/qwen3_aiden_seed42/pilot/odql_12335_f149eaec1755.wav,Which French romantic artist who painted Massacre at Chios and Women of Algiers was born on this day in 1798?,7.92,0,0.09120833333333334,0.058833333333333335,
odql_12567,success,/workspace/triviaqa_tts/triviaqa-tts/audio/qwen3_aiden_seed42/pilot/odql_12567_3568a64a84da.wav,"In which U S city is the Gateway Arch, the world’s tallest arch?",4.0,0,0.08691666666666667,0.04541666666666667,
odql_12627,success,/workspace/triviaqa_tts/triviaqa-tts/audio/qwen3_aiden_seed42/pilot/odql_12627_3df01419d923.wav,In which country was England Rugby Union player Dylan Hartley born?,3.84,0,0.0935,0.08954166666666667,
odql_12854,success,/workspace/triviaqa_tts/triviaqa-tts/audio/qwen3_aiden_seed42/pilot/odql_12854_a55a9e8f10fa.wav,"Which chemical element is the most abundant in the average human body, making up around 65% of actual composition?",8.4,0,0.08879166666666667,0.042791666666666665,
odql_13137,success,/workspace/triviaqa_tts/triviaqa-tts/audio/qwen3_aiden_seed42/pilot/odql_13137_290a6c98be55.wav,"""Which work of literature starts with the lines: """"The past is a foreign country: they do things differently there""""?""",7.36,0,0.086125,0.03191666666666667,
odql_13327,success,/workspace/triviaqa_tts/triviaqa-tts/audio/qwen3_aiden_seed42/pilot/odql_13327_95b2adabbbc2.wav,Who was the last British athlete to compete in the Olympic 100 metres final?,4.24,0,0.08154166666666667,0.020041666666666666,
odql_13485,success,/workspace/triviaqa_tts/triviaqa-tts/audio/qwen3_aiden_seed42/pilot/odql_13485_42ec90461f0f.wav,Which company produces the 'Magentis' car model?,3.04,0,0.09804166666666667,0.04579166666666667,
odql_13686,success,/workspace/triviaqa_tts/triviaqa-tts/audio/qwen3_aiden_seed42/pilot/odql_13686_51c75b698d17.wav,"Which Charles Dickens novel has two title characters, both called 'Paul' and a full title that ends with the words: 'Wholesale, Retail and for Exportation'?",11.68,0,0.09470833333333334,0.019,
odql_13868,success,/workspace/triviaqa_tts/triviaqa-tts/audio/qwen3_aiden_seed42/pilot/odql_13868_37b78c8643f7.wav,The first ten series of which long running TV drama featured the character Claude Jeremiah Greengrass?,6.8,0,0.08670833333333333,0.003875,
odql_13870,success,/workspace/triviaqa_tts/triviaqa-tts/audio/qwen3_aiden_seed42/pilot/odql_13870_99bd818f3258.wav,Which town is the home of CBBC presenter Hacker T Dog?,4.48,0,0.09033333333333333,0.049708333333333334,
odql_13940,success,/workspace/triviaqa_tts/triviaqa-tts/audio/qwen3_aiden_seed42/pilot/odql_13940_56b073024a4c.wav,Which capital city is served by Arlanda Airport,2.96,0,0.09029166666666667,0.06420833333333334,
odql_14278,success,/workspace/triviaqa_tts/triviaqa-tts/audio/qwen3_aiden_seed42/pilot/odql_14278_60f548ed8e3e.wav,"Who plays 'Mahmud Nasir', a Muslim who finds out he was born Jewish, in the 2010 film 'The Infidel'?",6.56,0,0.08166666666666667,0.08191666666666667,
odql_14731,success,/workspace/triviaqa_tts/triviaqa-tts/audio/qwen3_aiden_seed42/pilot/odql_14731_0d0003ce1c47.wav,What station is at the western end of the Ffestiniog railway in Wales?,4.24,0,0.09125,0.023208333333333334,
odql_14997,success,/workspace/triviaqa_tts/triviaqa-tts/audio/qwen3_aiden_seed42/pilot/odql_14997_35cb43efbc31.wav,"""""""It was seven o'clock of a very warm evening in the Seeonee hills when father wolf woke up from his day's rest"""" is the first line from which 1894 book?""",9.68,0,0.09041666666666667,0.08391666666666667,
bt_153,success,/workspace/triviaqa_tts/triviaqa-tts/audio/qwen3_aiden_seed42/pilot/bt_153_851293e9f13e.wav,In German towns and cities what is the S-Bahn,2.96,0,0.08945833333333333,0.033041666666666664,
bt_264,success,/workspace/triviaqa_tts/triviaqa-tts/audio/qwen3_aiden_seed42/pilot/bt_264_53ace548434c.wav,Who was the first woman to fly the Atlantic solo,2.8,0,0.08154166666666667,0.076875,
bt_385,success,/workspace/triviaqa_tts/triviaqa-tts/audio/qwen3_aiden_seed42/pilot/bt_385_9b21f5ae436f.wav,On which TV quiz show was Princess Anne a contestant,3.52,0,0.09083333333333334,0.07304166666666667,
bt_795,success,/workspace/triviaqa_tts/triviaqa-tts/audio/qwen3_aiden_seed42/pilot/bt_795_a5bf7ceb4d98.wav,If cats are feline which creatures are ovine,2.88,0,0.095125,0.015916666666666666,
bt_1014,success,/workspace/triviaqa_tts/triviaqa-tts/audio/qwen3_aiden_seed42/pilot/bt_1014_83e813c9201d.wav,True or false a bird had more neck bones than a giraffe,3.6,0,0.081,0.00125,
bt_1215,success,/workspace/triviaqa_tts/triviaqa-tts/audio/qwen3_aiden_seed42/pilot/bt_1215_c4518031efd1.wav,Who played Clayton Farlowe in Dallas,2.0,0,0.08154166666666667,0.0007916666666666666,
bt_1418,success,/workspace/triviaqa_tts/triviaqa-tts/audio/qwen3_aiden_seed42/pilot/bt_1418_df3e332a834e.wav,Where did Anita Roddick open her first Body Shop,3.04,0,0.086,0.08566666666666667,
bt_1659,success,/workspace/triviaqa_tts/triviaqa-tts/audio/qwen3_aiden_seed42/pilot/bt_1659_c4d23fa55b65.wav,Who had a No 1 in the 80's with Karma Chameleon,3.6,0,0.08154166666666667,0.054,
bt_1760,success,/workspace/triviaqa_tts/triviaqa-tts/audio/qwen3_aiden_seed42/pilot/bt_1760_d719bd99d5d4.wav,"Which American gang of outlaws from the old west had the christian names Robert, Grattan and Emett",6.0,0,0.09866666666666667,0.01725,
bt_1799,success,/workspace/triviaqa_tts/triviaqa-tts/audio/qwen3_aiden_seed42/pilot/bt_1799_557d7d5c2b4c.wav,What was the fate of Jezebel in the Bible,2.88,0,0.08166666666666667,0.07120833333333333,
bt_2497,success,/workspace/triviaqa_tts/triviaqa-tts/audio/qwen3_aiden_seed42/pilot/bt_2497_b9aec9d3c3d3.wav,Burnside was a spin off from which Australia series,3.68,0,0.09470833333333334,0.06504166666666666,
bt_2770,success,/workspace/triviaqa_tts/triviaqa-tts/audio/qwen3_aiden_seed42/pilot/bt_2770_e63e2ed50900.wav,"What weight was Dr Robert Atkins, famous for the Atkins diet when he died",5.12,0,0.091375,0.062375,
bt_2823,success,/workspace/triviaqa_tts/triviaqa-tts/audio/qwen3_aiden_seed42/pilot/bt_2823_2b4a0e3df668.wav,What colour is the wax covering Gouda cheese,2.56,0,0.09425,0.07408333333333333,
bt_2876,success,/workspace/triviaqa_tts/triviaqa-tts/audio/qwen3_aiden_seed42/pilot/bt_2876_ede9aa2016ab.wav,Which public holiday became official in the UK in 1978,4.24,0,0.09154166666666666,0.07154166666666667,
bt_3934,success,/workspace/triviaqa_tts/triviaqa-tts/audio/qwen3_aiden_seed42/pilot/bt_3934_4dda77974489.wav,To the nearest thousand how many different girls' names were registered in the UK for new born females in 2013,7.28,0,0.09466666666666666,0.04770833333333333,
bt_3990,success,/workspace/triviaqa_tts/triviaqa-tts/audio/qwen3_aiden_seed42/pilot/bt_3990_c278f6dd4791.wav,With which artist painted Flatford Mill,2.32,0,0.089875,0.091875,
bt_4034,success,/workspace/triviaqa_tts/triviaqa-tts/audio/qwen3_aiden_seed42/pilot/bt_4034_9d4617adb768.wav,Who had a number one in 2008 with Run,2.72,0,0.08154166666666667,0.08375,
qf_441,success,/workspace/triviaqa_tts/triviaqa-tts/audio/qwen3_aiden_seed42/pilot/qf_441_e2363a592638.wav,Christopher Cockerill invented what in 1955?,3.28,0,0.09295833333333334,0.013583333333333333,
qf_590,success,/workspace/triviaqa_tts/triviaqa-tts/audio/qwen3_aiden_seed42/pilot/qf_590_9f32df223ce2.wav,In which month of 1929 did the St Valentines Day massacre take place?,4.88,0,0.09379166666666666,0.07529166666666667,
qf_952,success,/workspace/triviaqa_tts/triviaqa-tts/audio/qwen3_aiden_seed42/pilot/qf_952_5d7c4aeb00b3.wav,Which ‘P’ describes the chasing pack in a cycling race?,3.68,0,0.094875,0.059458333333333335,
qf_1174,success,/workspace/triviaqa_tts/triviaqa-tts/audio/qwen3_aiden_seed42/pilot/qf_1174_b98af51c7fef.wav,"True or False, Sharks can't get sick?",2.56,0,0.08145833333333333,0.051958333333333336,
qf_1226,success,/workspace/triviaqa_tts/triviaqa-tts/audio/qwen3_aiden_seed42/pilot/qf_1226_85c85609cd8f.wav,How many Von Trapp children were there in the Sound of Music?,3.2,0,0.08154166666666667,0.09054166666666667,
qf_1230,success,/workspace/triviaqa_tts/triviaqa-tts/audio/qwen3_aiden_seed42/pilot/qf_1230_52f4eb6f895e.wav,Which UK TV chef also plays the drums in a band?,3.6,0,0.08970833333333333,0.07816666666666666,
qf_1431,success,/workspace/triviaqa_tts/triviaqa-tts/audio/qwen3_aiden_seed42/pilot/qf_1431_f4e03d6b216d.wav,"What year were all these comedians born: Harry Enfield, Eddie Murphy and Rory Bremner?",5.04,0,0.08866666666666667,0.064375,
qf_1555,success,/workspace/triviaqa_tts/triviaqa-tts/audio/qwen3_aiden_seed42/pilot/qf_1555_e22ccf8c7fe4.wav,'Encephalitis' affects which part of the body?,2.16,0,0.08454166666666667,0.05216666666666667,
qf_1612,success,/workspace/triviaqa_tts/triviaqa-tts/audio/qwen3_aiden_seed42/pilot/qf_1612_661f6bdd85f6.wav,In which Beatles song released in 1966 would you find Father McKenzie darning his socks?,6.48,0,0.093375,0.03941666666666667,
qf_2276,success,/workspace/triviaqa_tts/triviaqa-tts/audio/qwen3_aiden_seed42/pilot/qf_2276_a00c315c43d1.wav,Who was the first emperor of Rome?,2.0,0,0.080875,0.0585,
qf_2742,success,/workspace/triviaqa_tts/triviaqa-tts/audio/qwen3_aiden_seed42/pilot/qf_2742_1c4914bf8a5a.wav,What happened to the cities of Pompeii and Herculaneum in AD79?,4.4,0,0.094,0.051125,
qf_3213,success,/workspace/triviaqa_tts/triviaqa-tts/audio/qwen3_aiden_seed42/pilot/qf_3213_24d1295d0a9d.wav,"It is said that you can't sink in this sea, what sea is it?",3.44,0,0.09179166666666666,0.08383333333333333,
qf_3649,success,/workspace/triviaqa_tts/triviaqa-tts/audio/qwen3_aiden_seed42/pilot/qf_3649_a8cc2518e450.wav,"Known usually just as the Monument, or the name of a tube station. Who designed the Monument and for a bonus what does it commemorate?",8.56,0,0.09333333333333334,0.029708333333333333,
qg_50,success,/workspace/triviaqa_tts/triviaqa-tts/audio/qwen3_aiden_seed42/pilot/qg_50_138001ba313f.wav,"Eddie, Lou, and Clancy are the face of law and order on what long running tv show?",5.68,0,0.08808333333333333,0.050708333333333334,
qg_206,success,/workspace/triviaqa_tts/triviaqa-tts/audio/qwen3_aiden_seed42/pilot/qg_206_a28d7e2b0ca3.wav,"January 18, 1778 saw Captain James Cook discover what island group, which he named the Sandwich Islands, in honor of his sponsor, John Montagu, 4th Earl of Sandwich?",12.32,0,0.08158333333333333,0.019458333333333334,
qg_527,success,/workspace/triviaqa_tts/triviaqa-tts/audio/qwen3_aiden_seed42/pilot/qg_527_bf942a2bde41.wav,Vancouver is not the first Canadian city to host the winter Olympics. What city holds that honor when they hosted the 1988 games?,10.24,0,0.08775,0.03795833333333333,
qg_548,success,/workspace/triviaqa_tts/triviaqa-tts/audio/qwen3_aiden_seed42/pilot/qg_548_8e2bd1ba41e7.wav,"According to Samuel Beckett, who are Vladimir and Estragon waiting for?",4.24,0,0.086,0.06341666666666666,
qg_961,success,/workspace/triviaqa_tts/triviaqa-tts/audio/qwen3_aiden_seed42/pilot/qg_961_38f045cb1469.wav,"On what apparatus would a male gymnast traditionally perform moves such as scissors, moores, spindels and flairs?",7.6,0,0.09516666666666666,0.023208333333333334,
qg_1429,success,/workspace/triviaqa_tts/triviaqa-tts/audio/qwen3_aiden_seed42/pilot/qg_1429_4215d767573f.wav,Who is the most famous character created by Sir Arthur Conan Doyle?,4.16,0,0.08154166666666667,0.037208333333333336,
qg_2063,success,/workspace/triviaqa_tts/triviaqa-tts/audio/qwen3_aiden_seed42/pilot/qg_2063_6322fcffb664.wav,"According to famous American architect Louis Henri Sullivan, known as the father of skyscrapers, ""form follows what""?",8.0,0,0.08825,0.083375,
qg_2490,success,/workspace/triviaqa_tts/triviaqa-tts/audio/qwen3_aiden_seed42/pilot/qg_2490_dc8c981f1a6a.wav,What does “SPF” mean on sunscreen containers?,3.2,0,0.09116666666666666,0.025416666666666667,
qg_2559,success,/workspace/triviaqa_tts/triviaqa-tts/audio/qwen3_aiden_seed42/pilot/qg_2559_ef2ec5e0fe7f.wav,Which of Robin Hood's Merry Men was he forced to fight with quarterstaffs on a narrow bridge?,5.28,0,0.09533333333333334,0.0,
qg_2602,success,/workspace/triviaqa_tts/triviaqa-tts/audio/qwen3_aiden_seed42/pilot/qg_2602_5eed6fd39d6d.wav,"What ice cream company produces flavors such as Everything But The.., Neapolitan Dynamite, and Stephen Colbert's AmeriCone Dream?",7.28,0,0.09154166666666666,0.064125,
qg_2640,success,/workspace/triviaqa_tts/triviaqa-tts/audio/qwen3_aiden_seed42/pilot/qg_2640_0d7f1283c9e3.wav,A “slim jim” is a type of pick used to open what type of lock without a key?,4.56,0,0.09508333333333334,0.06625,
qg_2678,success,/workspace/triviaqa_tts/triviaqa-tts/audio/qwen3_aiden_seed42/pilot/qg_2678_c53bd75488f0.wav,What is Kenny's last name on the animated TV series South Park?,3.52,0,0.09220833333333334,0.0155,
qg_2955,success,/workspace/triviaqa_tts/triviaqa-tts/audio/qwen3_aiden_seed42/pilot/qg_2955_000fd5f0b3c3.wav,"Starting 30 years of conflict, the Eritrean War of Independence broke out on Sept 1, 1961, as Eritrean separatists fought for independence from what country?",12.64,0,0.081375,0.04775,
qg_3166,success,/workspace/triviaqa_tts/triviaqa-tts/audio/qwen3_aiden_seed42/pilot/qg_3166_6f47107f5d41.wav,"September 9, 1969 saw what made an official language of Canada?",5.6,0,0.08145833333333333,0.04145833333333333,
qg_3211,success,/workspace/triviaqa_tts/triviaqa-tts/audio/qwen3_aiden_seed42/pilot/qg_3211_9aee4355d4b6.wav,Tomorrow marks the 109th anniversary of which great American taking the reins of the presidency following the death of William McKinley?,7.76,0,0.081375,0.035666666666666666,
qg_3880,success,/workspace/triviaqa_tts/triviaqa-tts/audio/qwen3_aiden_seed42/pilot/qg_3880_ec2bd8eb5f0d.wav,"What name is given to the economy where all commerce is conducted without regard to taxation, law or regulations of trade (and is a really good place to find the stuff you can't find anywhere else)?",7.84,0,0.09208333333333334,0.028875,
qg_4132,success,/workspace/triviaqa_tts/triviaqa-tts/audio/qwen3_aiden_seed42/pilot/qg_4132_6f4c664f8947.wav,What state is known as the Sunflower State?,2.4,0,0.09208333333333334,0.04883333333333333,
qg_4147,success,/workspace/triviaqa_tts/triviaqa-tts/audio/qwen3_aiden_seed42/pilot/qg_4147_0323910dfa44.wav,How long do NFL football teams have to get a play off (the play clock)?,3.04,0,0.08141666666666666,0.07591666666666666,
qg_4381,success,/workspace/triviaqa_tts/triviaqa-tts/audio/qwen3_aiden_seed42/pilot/qg_4381_6b2ec0ddcc04.wav,"Satisfactellent, Nougatocity, Hungerectomy, Substantialicious and Peanutopolis were all used to advertise what product?",8.88,0,0.08133333333333333,0.08383333333333333,
